<?xml version="1.0" encoding="UTF-8"?>
<EM_TF>
  <Description>Magnetotelluric Transfer Functions</Description>
  <ProductId>USArray.UTN17.2011</ProductId>
  <SubType>MT_TF</SubType>
  <Notes/>
  <Tags>impedance,tipper</Tags>
  <ExternalUrl>
    <Description>IRIS DMC MetaData</Description>
    <Url>http://www.iris.edu/mda/EM/UTN17</Url>
  </ExternalUrl>
  <PrimaryData>
    <Filename>UTN17c_P18.png</Filename>
  </PrimaryData>
  <Attachment>
    <Filename>UTN17c_P18.zrr</Filename>
    <Description>The original used to produce the XML</Description>
  </Attachment>
  <Provenance>
    <CreateTime>2016-03-01T12:46:25</CreateTime>
    <CreatingApplication>EMTF File Conversion Utilities 3.0</CreatingApplication>
    <Creator>
      <Name>Anna Kelbert</Name>
      <Email>anya@coas.oregonstate.edu</Email>
      <Org>Oregon State University</Org>
      <OrgUrl>http://oregonstate.edu</OrgUrl>
    </Creator>
    <Submitter>
      <Name>Anna Kelbert</Name>
      <Email>akelbert@usgs.gov</Email>
      <Org>U.S. Geological Survey</Org>
      <OrgUrl>http://geomag.usgs.gov</OrgUrl>
    </Submitter>
  </Provenance>
  <Copyright>
    <Citation>
      <Title>USArray TA Magnetotelluric Transfer Functions</Title>
      <Authors>Schultz, A., G. D. Egbert, A. Kelbert, T. Peery, V. Clote, B. Fry, S. Erofeeva and staff of the National Geoelectromagnetic Facility and their contractors</Authors>
      <Year>2006-2018</Year>
      <SurveyDOI>doi:10.17611/DP/EMTF/USARRAY/TA</SurveyDOI>
    </Citation>
    <SelectedPublications>Schultz, A. (2009). EMScope: a continental scale magnetotelluric observatory and data discovery resource. Data Science Journal, 8, IGY6-IGY20.
Meqbel, N. M., Egbert, G. D., Wannamaker, P. E., Kelbert, A., &amp; Schultz, A. (2014). Deep electrical resistivity structure of the northwestern US derived from 3-D inversion of USArray magnetotelluric data. Earth and Planetary Science Letters, 402, 290-304.
Yang, B., Egbert, G. D., Kelbert, A., &amp; Meqbel, N. M. (2015). Three-dimensional electrical resistivity of the north-central USA from EarthScope long period magnetotelluric data. Earth and Planetary Science Letters, 422, 87-93.</SelectedPublications>
    <Acknowledgement>USArray MT TA project was led by PI Adam Schultz and Gary Egbert. They would like to thank the Oregon State University MT team and their contractors, lab and field personnel over the years for assistance with data collection, quality control, processing and archiving. They also thank numerous districts of the U.S. Forest Service, Bureau of Land Management, the U.S. National Parks, the collected State land offices, and the many private landowners who permitted access to acquire the MT TA data. USArray TA was funded through NSF grants EAR-0323311, IRIS Subaward 478 and 489 under NSF Cooperative Agreement EAR-0350030 and EAR-0323309, IRIS Subaward 75-MT under NSF Cooperative Agreement EAR-0733069 under CFDA No. 47.050, and IRIS Subaward 05-OSU-SAGE under NSF Cooperative Agreement EAR-1261681</Acknowledgement>
    <ReleaseStatus>Unrestricted Release</ReleaseStatus>
    <ConditionsOfUse> All data and metadata for this survey are available free of charge and may be copied freely, duplicated and further distributed provided that this data set is cited as the reference, and that the author(s) contributions are acknowledged as detailed in the Acknowledgements. Any papers cited in this file are only for reference. There is no requirement to cite these papers when the data are used. Whenever possible, we ask that the author(s) are notified prior to any publication that makes use of these data.
 While the author(s) strive to provide data and metadata of best possible quality, neither the author(s) of this data set, nor IRIS make any claims, promises, or guarantees about the accuracy, completeness, or adequacy of this information, and expressly disclaim liability for errors and omissions in the contents of this file. Guidelines about the quality or limitations of the data and metadata, as obtained from the author(s), are included for informational purposes only.</ConditionsOfUse>
    <AdditionalInfo>Since 2006, the magnetotelluric (MT) component of EarthScope&apos;s USArray has deployed instruments which measure the
Earth&apos;s naturally occurring electric and magnetic fields. Its backbone array consists of seven stations (MT BB) operated
across the United States in the years 2008-2013 as a reference network. In addition, each summer up to twenty portable
MT systems (MT TA) are deployed campaign-style occupying large footprints in areas of special interest as proposed by
the MT community (2006-2011 in the Pacific Northwest, 2011-2013 in the Mid-Continent Rift). Each MT TA site is occupied
for approximately three-weeks with a nominal 70-km grid spacing for imaging of crustal and lithospheric conductivity
structure. These data can also be integrated with other geophysical data to identify North America&apos;s thermal structure
and study the significance of fluids in the crust. The magnetic and electric time series from these deployments are
processed into transfer functions, also known as MT impedances. Both the raw time series and the transfer functions are
archived with IRIS. The USArray MT program also provides instruments and modest support (i.e. instrument preparation and
data handling) for PI-driven Flexible Array (MT FA) studies.
The MT instruments are operated and maintained by the National Geoelectromagnetic Facility at Oregon State University
under a subaward (PI Adam Schultz) from IRIS. Data from the TA network are made freely available as part of the
EarthScope USArray facility (http://www.earthscope.org), operated by Incorporated Research Institutions for Seismology
(IRIS) and supported by the National Science Foundation, under Cooperative Agreements EAR-0323309, EAR-0323311,
EAR-0733069. This project has been made possible thanks to the lab personnel at the National Geoelectromagnetic Facility
and the numerous others who have over the years assisted the MT TA data acquisition as external contractors, including
but not limited to field personnel at GSY, Zonge, and Green Geophysics, as well as Phil Wannamaker, Esteban Bowles-
Martinez, Chester Weiss, Kevin Mickus, Jan Baur, Prasanta Patro and others. The MT team at Oregon State University has
completed all data processing, archiving, and quality control. We thank numerous districts of the U.S. Forest Service
and Bureau of Land Management, U.S. National Parks, the collected State land offices, and the many private landowners
who permitted access to acquire the MT TA data.
Web links:
More information is available here: http://www.usarray.org/researchers/obs/magnetotelluric.
All USArray MT transfer functions are archived here: http://ds.iris.edu/spud/emtf.
The time series are all 1 Hz and are archived at the IRIS database. The map is here: http://ds.iris.edu/gmap/_US-MT
Metadata, including time periods, available here: http://ds.iris.edu/mda/_US-MT
Both links get updated as new data is archived, usually at the end of each field season. The time series are all there
but need to be requested from IRIS using one of the procedures described here: http://ds.iris.edu/ds/nodes/dmc/data/</AdditionalInfo>
  </Copyright>
  <Site>
    <Project>USArray</Project>
    <Survey>Transportable Array</Survey>
    <YearCollected>2011</YearCollected>
    <Country>USA</Country>
    <Id>UTN17</Id>
    <Name>Elizabeth Mountain, UT, USA</Name>
    <Location datum="WGS84">
      <Latitude>40.937840</Latitude>
      <Longitude>-110.715300</Longitude>
      <Elevation units="meters">2672.544</Elevation>
      <Declination epoch="1995.0">12.800</Declination>
    </Location>
    <AcquiredBy>Zonge International, Inc.</AcquiredBy>
    <Start>2011-07-27T19:49:33</Start>
    <End>2011-09-07T15:13:51</End>
    <RunList>UTN17a UTN17b UTN17c UTN17d</RunList>
    <DataQualityNotes>
      <Rating>3</Rating>
      <GoodFromPeriod>7.000</GoodFromPeriod>
      <GoodToPeriod>10000.000</GoodToPeriod>
      <Comments author="Anna Kelbert">could be noticeably improved by additional runs</Comments>
    </DataQualityNotes>
    <DataQualityWarnings>
      <Flag>0</Flag>
      <Comments author="Anna Kelbert"></Comments>
    </DataQualityWarnings>
  </Site>
  <FieldNotes run="UTN17c">
    <Instrument>
      <Manufacturer>Barry Narod</Manufacturer>
      <Name>NIMS</Name>
      <Id>2612-19</Id>
      <Settings/>
    </Instrument>
    <Magnetometer type="fluxgate">
      <Manufacturer>Barry Narod</Manufacturer>
      <Name>NIMS</Name>
      <Id> 2612-10</Id>
      <Settings/>
    </Magnetometer>
    <Dipole name="Ex" type="wire">
      <Manufacturer>Oregon State University/Adam Schultz and Tristan Peery</Manufacturer>
      <Length units="meters">100.000</Length>
      <Azimuth units="degrees">12.800</Azimuth>
      <Electrode location="N" number="10024">Pb-PbCl2 kaolin gel Petiau 2 chamber type OSU V2.0</Electrode>
      <Electrode location="S" number="10053">Pb-PbCl2 kaolin gel Petiau 2 chamber type OSU V2.0</Electrode>
    </Dipole>
    <Dipole name="Ey" type="wire">
      <Manufacturer>Oregon State University</Manufacturer>
      <Length units="meters">100.000</Length>
      <Azimuth units="degrees">102.800</Azimuth>
      <Electrode location="E" number="">Pb-PbCl2 kaolin gel Petiau 2 chamber type</Electrode>
      <Electrode location="W" number="10133">Pb-PbCl2 kaolin gel Petiau 2 chamber type</Electrode>
    </Dipole>
    <Comments author="Aaron Cooper">Small dirt road 100m SWD</Comments>
    <Errors>Found data gaps (4). Of these, 4 duplicate blocks [deleted].] ]</Errors>
    <SamplingRate units="Hz">1.000</SamplingRate>
    <Start>2011-08-05T18:59:08</Start>
    <End>2011-08-15T16:02:57</End>
  </FieldNotes>
  <ProcessingInfo>
    <SignConvention>exp(+ i\omega t)</SignConvention>
    <RemoteRef type="Robust Remote Reference"/>
    <RemoteInfo>
      <Site>
        <Project>USArray</Project>
        <Survey>Transportable Array</Survey>
        <YearCollected>2011</YearCollected>
        <Country>USA</Country>
        <Id>UTP18</Id>
        <Name>Sage Brush Flat, UT, USA</Name>
        <Location datum="WGS84">
          <Latitude>39.723838</Latitude>
          <Longitude>-110.139300</Longitude>
          <Elevation units="meters">2219.613</Elevation>
        </Location>
      </Site>
      <FieldNotes run="UTP18a">
        <Instrument>
          <Manufacturer>Barry Narod</Manufacturer>
          <Name>NIMS</Name>
          <Id>2612-15</Id>
          <Settings/>
        </Instrument>
        <Dipole name="Ex">
          <Length units="meters">100.000</Length>
        </Dipole>
        <Dipole name="Ey">
          <Length units="meters">100.000</Length>
        </Dipole>
        <Comments author="Stephanie Pace">Dirt road 100m to the west and to the north. Ran low gain due to truck traffic on road to west.</Comments>
        <Comments author="Corey League">Ey polarity checked, ok.</Comments>
        <Errors></Errors>
        <SamplingRate units="Hz">1.000</SamplingRate>
        <Start>2011-07-30T20:28:07</Start>
        <End>2011-07-30T21:07:09</End>
      </FieldNotes>
      <FieldNotes run="UTP18b">
        <Instrument>
          <Manufacturer>Barry Narod</Manufacturer>
          <Name>NIMS</Name>
          <Id>2612-15</Id>
          <Settings/>
        </Instrument>
        <Dipole name="Ex">
          <Length units="meters">100.000</Length>
        </Dipole>
        <Dipole name="Ey">
          <Length units="meters">100.000</Length>
        </Dipole>
        <Comments author="Corey League">Dirt road 100m to the west and the north.  Ran low gain due to truck traffic on road to west.</Comments>
        <Comments author="Corey League">11 data gaps, 11 duplicate blocks deleted.</Comments>
        <Errors>Found data gaps (11). Of these, 11 duplicate blocks [deleted].] ]</Errors>
        <SamplingRate units="Hz">1.000</SamplingRate>
        <Start>2011-07-30T21:24:01</Start>
        <End>2011-08-17T17:32:37</End>
      </FieldNotes>
      <FieldNotes run="UTP18c">
        <Instrument>
          <Manufacturer>Barry Narod</Manufacturer>
          <Name>NIMS</Name>
          <Id>2612-15</Id>
          <Settings/>
        </Instrument>
        <Dipole name="Ex">
          <Length units="meters">100.000</Length>
        </Dipole>
        <Dipole name="Ey">
          <Length units="meters">100.000</Length>
        </Dipole>
        <Comments author="Corey League">Dirt road 100m to the west and the north.  Ran low gain due to truck traffic on road to west.</Comments>
        <Comments author="Corey League">1 data gap, 1 duplicate block deleted.	</Comments>
        <Errors>Found data gaps (1). Of these, 1 duplicate blocks [deleted].] ]</Errors>
        <SamplingRate units="Hz">1.000</SamplingRate>
        <Start>2011-08-17T17:59:19</Start>
        <End>2011-08-27T15:06:31</End>
      </FieldNotes>
    </RemoteInfo>
    <ProcessedBy>Anna Kelbert</ProcessedBy>
    <ProcessingSoftware>
      <Name>EMTF</Name>
      <LastMod>2011-04-22</LastMod>
      <Author>Gary Egbert</Author>
    </ProcessingSoftware>
    <ProcessingTag>UTN17c_P18</ProcessingTag>
  </ProcessingInfo>
  <StatisticalEstimates>
    <Estimate name="VAR" type="real">
      <Description>Variance</Description>
      <ExternalUrl>http://www.iris.edu/dms/products/emtf/variance.html</ExternalUrl>
      <Intention>error estimate</Intention>
      <Tag>variance</Tag>
    </Estimate>
    <Estimate name="COV" type="complex">
      <Description>Full covariance between each two TF components</Description>
      <ExternalUrl>http://www.iris.edu/dms/products/emtf/covariance.html</ExternalUrl>
      <Intention>error estimate</Intention>
      <Tag>covariance</Tag>
    </Estimate>
    <Estimate name="INVSIGCOV" type="complex">
      <Description>Inverse Coherent Signal Power Matrix (S)</Description>
      <ExternalUrl>http://www.iris.edu/dms/products/emtf/inverse_signal_covariance.html</ExternalUrl>
      <Intention>signal power estimate</Intention>
      <Tag>inverse_signal_covariance</Tag>
    </Estimate>
    <Estimate name="RESIDCOV" type="complex">
      <Description>Residual Covariance (N)</Description>
      <ExternalUrl>http://www.iris.edu/dms/products/emtf/residual_covariance.html</ExternalUrl>
      <Intention>error estimate</Intention>
      <Tag>residual_covariance</Tag>
    </Estimate>
    <Estimate name="COH" type="complex">
      <Description>Coherence</Description>
      <ExternalUrl>http://www.iris.edu/dms/products/emtf/coherence.html</ExternalUrl>
      <Intention>signal coherence</Intention>
      <Tag>coherence</Tag>
    </Estimate>
    <Estimate name="PREDCOH" type="complex">
      <Description>Multiple Coherence</Description>
      <ExternalUrl>http://www.iris.edu/dms/products/emtf/multiple_coherence.html</ExternalUrl>
      <Intention>signal coherence</Intention>
      <Tag>multiple_coherence</Tag>
    </Estimate>
    <Estimate name="SIGAMP" type="complex">
      <Description>Signal Amplitude</Description>
      <ExternalUrl>http://www.iris.edu/dms/products/emtf/signal_amplitude.html</ExternalUrl>
      <Intention>signal power estimate</Intention>
      <Tag>signal_amplitude</Tag>
    </Estimate>
    <Estimate name="SIGNOISE" type="complex">
      <Description>Signal Noise</Description>
      <ExternalUrl>http://www.iris.edu/dms/products/emtf/signal_noise.html</ExternalUrl>
      <Intention>error estimate</Intention>
      <Tag>signal_noise</Tag>
    </Estimate>
  </StatisticalEstimates>
  <DataTypes>
    <DataType name="Z" type="complex" output="E" input="H" units="[mV/km]/[nT]">
      <Description>MT impedance</Description>
      <ExternalUrl>http://www.iris.edu/dms/products/emtf/impedance.html</ExternalUrl>
      <Intention>primary data type</Intention>
      <Tag>impedance</Tag>
    </DataType>
    <DataType name="T" type="complex" output="H" input="H" units="[]">
      <Description>Vertical Field Transfer Functions (Tipper)</Description>
      <ExternalUrl>http://www.iris.edu/dms/products/emtf/tipper.html</ExternalUrl>
      <Intention>primary data type</Intention>
      <Tag>tipper</Tag>
    </DataType>
  </DataTypes>
  <InputChannels ref="site" units="m">
    <Magnetic name="Hx" orientation="0.0" x="0.0" y="0.0" z="0.0"/>
    <Magnetic name="Hy" orientation="90.0" x="0.0" y="0.0" z="0.0"/>
  </InputChannels>
  <OutputChannels ref="site" units="m">
    <Magnetic name="Hz" orientation="0.0" x="0.0" y="0.0" z="0.0"/>
    <Electric name="Ex" orientation="0.0" x="-50.0" y="0.0" z="0.0" x2="50.0" y2="0.0" z2="0.0"/>
    <Electric name="Ey" orientation="90.0" x="0.0" y="-50.0" z="0.0" x2="0.0" y2="50.0" z2="0.0"/>
  </OutputChannels>
  <Data count="30">
    <Period value="7.31429" units="secs">
      <Z type="complex" size="2  2" units="[mV/km]/[nT]">
        <value name="Zxx" output="Ex" input="Hx">1.016419e0 -3.145762e-1</value>
        <value name="Zxy" output="Ex" input="Hy">2.790871e0 3.466859e0</value>
        <value name="Zyx" output="Ey" input="Hx">-6.613129e0 -2.702141e0</value>
        <value name="Zyy" output="Ey" input="Hy">-1.647319e0 -1.501024e0</value>
      </Z>
      <Z.VAR type="real" size="2  2">
        <value name="Zxx" output="Ex" input="Hx">9.516686e-5</value>
        <value name="Zxy" output="Ex" input="Hy">1.100986e-4</value>
        <value name="Zyx" output="Ey" input="Hx">3.581342e-4</value>
        <value name="Zyy" output="Ey" input="Hy">4.143257e-4</value>
      </Z.VAR>
      <Z.INVSIGCOV type="complex" size="2  2">
        <value output="Hx" input="Hx">1.521860e-1 -3.836278e-10</value>
        <value output="Hx" input="Hy">-1.312424e-1 9.164999e-3</value>
        <value output="Hy" input="Hx">-1.312424e-1 -9.165001e-3</value>
        <value output="Hy" input="Hy">1.760640e-1 3.305228e-9</value>
      </Z.INVSIGCOV>
      <Z.RESIDCOV type="complex" size="2  2">
        <value output="Ex" input="Ex">1.250665e-3 0.000000e0</value>
        <value output="Ex" input="Ey">-1.203679e-3 1.697000e-4</value>
        <value output="Ey" input="Ex">-1.203679e-3 -1.697000e-4</value>
        <value output="Ey" input="Ey">4.706535e-3 0.000000e0</value>
      </Z.RESIDCOV>
      <T type="complex" size="1  2" units="[]">
        <value name="Tx" output="Hz" input="Hx">-3.089192e-1 6.447059e-2</value>
        <value name="Ty" output="Hz" input="Hy">-5.081337e-2 -5.185527e-2</value>
      </T>
      <T.VAR type="real" size="1  2">
        <value name="Tx" output="Hz" input="Hx">3.760515e-6</value>
        <value name="Ty" output="Hz" input="Hy">4.350542e-6</value>
      </T.VAR>
      <T.INVSIGCOV type="complex" size="1  2">
        <value output="Hx" input="Hx">1.521860e-1 -3.836278e-10</value>
        <value output="Hx" input="Hy">-1.312424e-1 9.164999e-3</value>
        <value output="Hy" input="Hx">-1.312424e-1 -9.165001e-3</value>
        <value output="Hy" input="Hy">1.760640e-1 3.305228e-9</value>
      </T.INVSIGCOV>
      <T.RESIDCOV type="complex" size="1  2">
        <value output="Hz" input="Hz">4.942000e-5 0.000000e0</value>
      </T.RESIDCOV>
    </Period>
    <Period value="9.14286" units="secs">
      <Z type="complex" size="2  2" units="[mV/km]/[nT]">
        <value name="Zxx" output="Ex" input="Hx">1.163306e0 -2.376068e-1</value>
        <value name="Zxy" output="Ex" input="Hy">2.441804e0 3.141148e0</value>
        <value name="Zyx" output="Ey" input="Hx">-6.401196e0 -2.327852e0</value>
        <value name="Zyy" output="Ey" input="Hy">-1.471106e0 -1.710593e0</value>
      </Z>
      <Z.VAR type="real" size="2  2">
        <value name="Zxx" output="Ex" input="Hx">3.510268e-4</value>
        <value name="Zxy" output="Ex" input="Hy">5.737060e-4</value>
        <value name="Zyx" output="Ey" input="Hx">1.400616e-3</value>
        <value name="Zyy" output="Ey" input="Hy">2.289118e-3</value>
      </Z.VAR>
      <Z.INVSIGCOV type="complex" size="2  2">
        <value output="Hx" input="Hx">3.401578e-2 8.191373e-11</value>
        <value output="Hx" input="Hy">-2.766796e-2 9.498000e-3</value>
        <value output="Hy" input="Hx">-2.766796e-2 -9.498000e-3</value>
        <value output="Hy" input="Hy">5.559421e-2 2.750863e-10</value>
      </Z.INVSIGCOV>
      <Z.RESIDCOV type="complex" size="2  2">
        <value output="Ex" input="Ex">2.063906e-2 0.000000e0</value>
        <value output="Ex" input="Ey">-2.300031e-2 3.990000e-3</value>
        <value output="Ey" input="Ex">-2.300031e-2 -3.990000e-3</value>
        <value output="Ey" input="Ey">8.235095e-2 0.000000e0</value>
      </Z.RESIDCOV>
      <T type="complex" size="1  2" units="[]">
        <value name="Tx" output="Hz" input="Hx">-3.049377e-1 7.089382e-2</value>
        <value name="Ty" output="Hz" input="Hy">-6.698411e-2 -7.290532e-2</value>
      </T>
      <T.VAR type="real" size="1  2">
        <value name="Tx" output="Hz" input="Hx">1.618811e-5</value>
        <value name="Ty" output="Hz" input="Hy">2.645729e-5</value>
      </T.VAR>
      <T.INVSIGCOV type="complex" size="1  2">
        <value output="Hx" input="Hx">3.401578e-2 8.191373e-11</value>
        <value output="Hx" input="Hy">-2.766796e-2 9.498000e-3</value>
        <value output="Hy" input="Hx">-2.766796e-2 -9.498000e-3</value>
        <value output="Hy" input="Hy">5.559421e-2 2.750863e-10</value>
      </T.INVSIGCOV>
      <T.RESIDCOV type="complex" size="1  2">
        <value output="Hz" input="Hz">9.518000e-4 0.000000e0</value>
      </T.RESIDCOV>
    </Period>
    <Period value="11.63636" units="secs">
      <Z type="complex" size="2  2" units="[mV/km]/[nT]">
        <value name="Zxx" output="Ex" input="Hx">1.186645e0 -7.686011e-2</value>
        <value name="Zxy" output="Ex" input="Hy">2.090361e0 2.623581e0</value>
        <value name="Zyx" output="Ey" input="Hx">-6.267639e0 -2.290419e0</value>
        <value name="Zyy" output="Ey" input="Hy">-1.467445e0 -1.174920e0</value>
      </Z>
      <Z.VAR type="real" size="2  2">
        <value name="Zxx" output="Ex" input="Hx">7.431361e-3</value>
        <value name="Zxy" output="Ex" input="Hy">8.089116e-3</value>
        <value name="Zyx" output="Ey" input="Hx">3.432771e-2</value>
        <value name="Zyy" output="Ey" input="Hy">3.736607e-2</value>
      </Z.VAR>
      <Z.INVSIGCOV type="complex" size="2  2">
        <value output="Hx" input="Hx">7.284617e-1 -7.360552e-9</value>
        <value output="Hx" input="Hy">1.413459e-1 1.037000e-1</value>
        <value output="Hy" input="Hx">1.413459e-1 -1.037000e-1</value>
        <value output="Hy" input="Hy">7.929383e-1 -9.216484e-10</value>
      </Z.INVSIGCOV>
      <Z.RESIDCOV type="complex" size="2  2">
        <value output="Ex" input="Ex">2.040289e-2 -5.421011e-20</value>
        <value output="Ex" input="Ey">-2.471138e-2 2.258000e-3</value>
        <value output="Ey" input="Ex">-2.471138e-2 -2.258000e-3</value>
        <value output="Ey" input="Ey">9.424711e-2 5.421011e-20</value>
      </Z.RESIDCOV>
      <T type="complex" size="1  2" units="[]">
        <value name="Tx" output="Hz" input="Hx">-3.537965e-1 6.245146e-2</value>
        <value name="Ty" output="Hz" input="Hy">-6.723393e-2 -6.594268e-2</value>
      </T>
      <T.VAR type="real" size="1  2">
        <value name="Tx" output="Hz" input="Hx">4.560170e-4</value>
        <value name="Ty" output="Hz" input="Hy">4.963794e-4</value>
      </T.VAR>
      <T.INVSIGCOV type="complex" size="1  2">
        <value output="Hx" input="Hx">7.284617e-1 -7.360552e-9</value>
        <value output="Hx" input="Hy">1.413459e-1 1.037000e-1</value>
        <value output="Hy" input="Hx">1.413459e-1 -1.037000e-1</value>
        <value output="Hy" input="Hy">7.929383e-1 -9.216484e-10</value>
      </T.INVSIGCOV>
      <T.RESIDCOV type="complex" size="1  2">
        <value output="Hz" input="Hz">1.252000e-3 0.000000e0</value>
      </T.RESIDCOV>
    </Period>
    <Period value="15.05882" units="secs">
      <Z type="complex" size="2  2" units="[mV/km]/[nT]">
        <value name="Zxx" output="Ex" input="Hx">1.118647e0 1.270533e-1</value>
        <value name="Zxy" output="Ex" input="Hy">1.617863e0 2.416262e0</value>
        <value name="Zyx" output="Ey" input="Hx">-5.779136e0 -2.354738e0</value>
        <value name="Zyy" output="Ey" input="Hy">-5.852475e-1 -1.392283e0</value>
      </Z>
      <Z.VAR type="real" size="2  2">
        <value name="Zxx" output="Ex" input="Hx">3.051353e-4</value>
        <value name="Zxy" output="Ex" input="Hy">5.332099e-4</value>
        <value name="Zyx" output="Ey" input="Hx">1.485917e-3</value>
        <value name="Zyy" output="Ey" input="Hy">2.596572e-3</value>
      </Z.VAR>
      <Z.INVSIGCOV type="complex" size="2  2">
        <value output="Hx" input="Hx">2.796771e-2 -1.375976e-10</value>
        <value output="Hx" input="Hy">6.067263e-5 -2.764000e-3</value>
        <value output="Hy" input="Hx">6.067263e-5 2.764000e-3</value>
        <value output="Hy" input="Hy">4.887229e-2 -7.102423e-12</value>
      </Z.INVSIGCOV>
      <Z.RESIDCOV type="complex" size="2  2">
        <value output="Ex" input="Ex">2.182054e-2 0.000000e0</value>
        <value output="Ex" input="Ey">-2.727495e-2 3.114000e-3</value>
        <value output="Ey" input="Ex">-2.727495e-2 -3.114000e-3</value>
        <value output="Ey" input="Ey">1.062595e-1 0.000000e0</value>
      </Z.RESIDCOV>
      <T type="complex" size="1  2" units="[]">
        <value name="Tx" output="Hz" input="Hx">-3.419660e-1 1.811677e-2</value>
        <value name="Ty" output="Hz" input="Hy">-2.852988e-3 -1.042776e-1</value>
      </T>
      <T.VAR type="real" size="1  2">
        <value name="Tx" output="Hz" input="Hx">2.305938e-5</value>
        <value name="Ty" output="Hz" input="Hy">4.029520e-5</value>
      </T.VAR>
      <T.INVSIGCOV type="complex" size="1  2">
        <value output="Hx" input="Hx">2.796771e-2 -1.375976e-10</value>
        <value output="Hx" input="Hy">6.067263e-5 -2.764000e-3</value>
        <value output="Hy" input="Hx">6.067263e-5 2.764000e-3</value>
        <value output="Hy" input="Hy">4.887229e-2 -7.102423e-12</value>
      </T.INVSIGCOV>
      <T.RESIDCOV type="complex" size="1  2">
        <value output="Hz" input="Hz">1.649000e-3 0.000000e0</value>
      </T.RESIDCOV>
    </Period>
    <Period value="19.69231" units="secs">
      <Z type="complex" size="2  2" units="[mV/km]/[nT]">
        <value name="Zxx" output="Ex" input="Hx">1.005747e0 2.542211e-1</value>
        <value name="Zxy" output="Ex" input="Hy">1.358976e0 2.016677e0</value>
        <value name="Zyx" output="Ey" input="Hx">-5.345024e0 -2.395323e0</value>
        <value name="Zyy" output="Ey" input="Hy">-3.718769e-1 -1.186521e0</value>
      </Z>
      <Z.VAR type="real" size="2  2">
        <value name="Zxx" output="Ex" input="Hx">8.861743e-5</value>
        <value name="Zxy" output="Ex" input="Hy">1.441180e-4</value>
        <value name="Zyx" output="Ey" input="Hx">4.726696e-4</value>
        <value name="Zyy" output="Ey" input="Hy">7.686997e-4</value>
      </Z.VAR>
      <Z.INVSIGCOV type="complex" size="2  2">
        <value output="Hx" input="Hx">7.621005e-3 -1.029933e-11</value>
        <value output="Hx" input="Hy">2.267417e-3 -9.954000e-4</value>
        <value output="Hy" input="Hx">2.267417e-3 9.954000e-4</value>
        <value output="Hy" input="Hy">1.239399e-2 1.561933e-11</value>
      </Z.INVSIGCOV>
      <Z.RESIDCOV type="complex" size="2  2">
        <value output="Ex" input="Ex">2.325610e-2 1.084202e-19</value>
        <value output="Ex" input="Ey">-2.939958e-2 2.872000e-3</value>
        <value output="Ey" input="Ex">-2.939958e-2 -2.872000e-3</value>
        <value output="Ey" input="Ey">1.240439e-1 0.000000e0</value>
      </Z.RESIDCOV>
      <T type="complex" size="1  2" units="[]">
        <value name="Tx" output="Hz" input="Hx">-3.604176e-1 -1.140650e-2</value>
        <value name="Ty" output="Hz" input="Hy">5.240213e-3 -9.666939e-2</value>
      </T>
      <T.VAR type="real" size="1  2">
        <value name="Tx" output="Hz" input="Hx">8.550768e-6</value>
        <value name="Ty" output="Hz" input="Hy">1.390606e-5</value>
      </T.VAR>
      <T.INVSIGCOV type="complex" size="1  2">
        <value output="Hx" input="Hx">7.621005e-3 -1.029933e-11</value>
        <value output="Hx" input="Hy">2.267417e-3 -9.954000e-4</value>
        <value output="Hy" input="Hx">2.267417e-3 9.954000e-4</value>
        <value output="Hy" input="Hy">1.239399e-2 1.561933e-11</value>
      </T.INVSIGCOV>
      <T.RESIDCOV type="complex" size="1  2">
        <value output="Hz" input="Hz">2.244000e-3 0.000000e0</value>
      </T.RESIDCOV>
    </Period>
    <Period value="25.60000" units="secs">
      <Z type="complex" size="2  2" units="[mV/km]/[nT]">
        <value name="Zxx" output="Ex" input="Hx">9.176092e-1 3.342913e-1</value>
        <value name="Zxy" output="Ex" input="Hy">1.137028e0 1.786606e0</value>
        <value name="Zyx" output="Ey" input="Hx">-4.916972e0 -2.532394e0</value>
        <value name="Zyy" output="Ey" input="Hy">-2.051392e-1 -1.133991e0</value>
      </Z>
      <Z.VAR type="real" size="2  2">
        <value name="Zxx" output="Ex" input="Hx">2.987192e-5</value>
        <value name="Zxy" output="Ex" input="Hy">6.732868e-5</value>
        <value name="Zyx" output="Ey" input="Hx">1.682686e-4</value>
        <value name="Zyy" output="Ey" input="Hy">3.792626e-4</value>
      </Z.VAR>
      <Z.INVSIGCOV type="complex" size="2  2">
        <value output="Hx" input="Hx">2.229931e-3 2.007173e-11</value>
        <value output="Hx" input="Hy">-5.132367e-5 1.322000e-4</value>
        <value output="Hy" input="Hx">-5.132367e-5 -1.322000e-4</value>
        <value output="Hy" input="Hy">5.026069e-3 4.486266e-12</value>
      </Z.INVSIGCOV>
      <Z.RESIDCOV type="complex" size="2  2">
        <value output="Ex" input="Ex">2.679179e-2 0.000000e0</value>
        <value output="Ex" input="Ey">-3.488746e-2 3.012000e-3</value>
        <value output="Ey" input="Ex">-3.488746e-2 -3.012000e-3</value>
        <value output="Ey" input="Ey">1.509182e-1 -1.084202e-19</value>
      </Z.RESIDCOV>
      <T type="complex" size="1  2" units="[]">
        <value name="Tx" output="Hz" input="Hx">-3.998047e-1 -5.143917e-2</value>
        <value name="Ty" output="Hz" input="Hy">-3.749356e-3 -1.015088e-1</value>
      </T>
      <T.VAR type="real" size="1  2">
        <value name="Tx" output="Hz" input="Hx">3.770814e-6</value>
        <value name="Ty" output="Hz" input="Hy">8.499082e-6</value>
      </T.VAR>
      <T.INVSIGCOV type="complex" size="1  2">
        <value output="Hx" input="Hx">2.229931e-3 2.007173e-11</value>
        <value output="Hx" input="Hy">-5.132367e-5 1.322000e-4</value>
        <value output="Hy" input="Hx">-5.132367e-5 -1.322000e-4</value>
        <value output="Hy" input="Hy">5.026069e-3 4.486266e-12</value>
      </T.INVSIGCOV>
      <T.RESIDCOV type="complex" size="1  2">
        <value output="Hz" input="Hz">3.382000e-3 0.000000e0</value>
      </T.RESIDCOV>
    </Period>
    <Period value="33.03226" units="secs">
      <Z type="complex" size="2  2" units="[mV/km]/[nT]">
        <value name="Zxx" output="Ex" input="Hx">8.328353e-1 3.914218e-1</value>
        <value name="Zxy" output="Ex" input="Hy">9.352233e-1 1.561214e0</value>
        <value name="Zyx" output="Ey" input="Hx">-4.524677e0 -2.503786e0</value>
        <value name="Zyy" output="Ey" input="Hy">-2.119528e-2 -9.855218e-1</value>
      </Z>
      <Z.VAR type="real" size="2  2">
        <value name="Zxx" output="Ex" input="Hx">1.216163e-5</value>
        <value name="Zxy" output="Ex" input="Hy">4.538357e-5</value>
        <value name="Zyx" output="Ey" input="Hx">7.244258e-5</value>
        <value name="Zyy" output="Ey" input="Hy">2.703342e-4</value>
      </Z.VAR>
      <Z.INVSIGCOV type="complex" size="2  2">
        <value output="Hx" input="Hx">6.936193e-4 4.084734e-12</value>
        <value output="Hx" input="Hy">-3.902495e-4 6.661000e-5</value>
        <value output="Hy" input="Hx">-3.902495e-4 -6.661000e-5</value>
        <value output="Hy" input="Hy">2.588381e-3 -7.366734e-12</value>
      </Z.INVSIGCOV>
      <Z.RESIDCOV type="complex" size="2  2">
        <value output="Ex" input="Ex">3.506715e-2 -1.084202e-19</value>
        <value output="Ex" input="Ey">-4.570545e-2 3.821000e-3</value>
        <value output="Ey" input="Ex">-4.570545e-2 -3.821000e-3</value>
        <value output="Ey" input="Ey">2.088828e-1 0.000000e0</value>
      </Z.RESIDCOV>
      <T type="complex" size="1  2" units="[]">
        <value name="Tx" output="Hz" input="Hx">-3.851634e-1 -1.013692e-1</value>
        <value name="Ty" output="Hz" input="Hy">1.034466e-2 -1.157753e-1</value>
      </T>
      <T.VAR type="real" size="1  2">
        <value name="Tx" output="Hz" input="Hx">1.824219e-6</value>
        <value name="Ty" output="Hz" input="Hy">6.807441e-6</value>
      </T.VAR>
      <T.INVSIGCOV type="complex" size="1  2">
        <value output="Hx" input="Hx">6.936193e-4 4.084734e-12</value>
        <value output="Hx" input="Hy">-3.902495e-4 6.661000e-5</value>
        <value output="Hy" input="Hx">-3.902495e-4 -6.661000e-5</value>
        <value output="Hy" input="Hy">2.588381e-3 -7.366734e-12</value>
      </T.INVSIGCOV>
      <T.RESIDCOV type="complex" size="1  2">
        <value output="Hz" input="Hz">5.260000e-3 0.000000e0</value>
      </T.RESIDCOV>
    </Period>
    <Period value="42.66667" units="secs">
      <Z type="complex" size="2  2" units="[mV/km]/[nT]">
        <value name="Zxx" output="Ex" input="Hx">6.874774e-1 3.976232e-1</value>
        <value name="Zxy" output="Ex" input="Hy">7.265484e-1 1.321150e0</value>
        <value name="Zyx" output="Ey" input="Hx">-4.075852e0 -2.276850e0</value>
        <value name="Zyy" output="Ey" input="Hy">1.572826e-1 -6.302232e-1</value>
      </Z>
      <Z.VAR type="real" size="2  2">
        <value name="Zxx" output="Ex" input="Hx">8.039329e-6</value>
        <value name="Zxy" output="Ex" input="Hy">3.662811e-5</value>
        <value name="Zyx" output="Ey" input="Hx">4.639546e-5</value>
        <value name="Zyy" output="Ey" input="Hy">2.113831e-4</value>
      </Z.VAR>
      <Z.INVSIGCOV type="complex" size="2  2">
        <value output="Hx" input="Hx">3.765941e-4 -3.297255e-12</value>
        <value output="Hx" input="Hy">-1.479512e-4 -2.774000e-5</value>
        <value output="Hy" input="Hx">-1.479512e-4 2.774000e-5</value>
        <value output="Hy" input="Hy">1.715806e-3 -1.392174e-11</value>
      </Z.INVSIGCOV>
      <Z.RESIDCOV type="complex" size="2  2">
        <value output="Ex" input="Ex">4.269493e-2 0.000000e0</value>
        <value output="Ex" input="Ey">-5.046058e-2 3.650000e-3</value>
        <value output="Ey" input="Ex">-5.046058e-2 -3.650000e-3</value>
        <value output="Ey" input="Ey">2.463951e-1 0.000000e0</value>
      </Z.RESIDCOV>
      <T type="complex" size="1  2" units="[]">
        <value name="Tx" output="Hz" input="Hx">-3.075691e-1 -1.546618e-1</value>
        <value name="Ty" output="Hz" input="Hy">7.368972e-2 -1.366817e-1</value>
      </T>
      <T.VAR type="real" size="1  2">
        <value name="Tx" output="Hz" input="Hx">1.261967e-6</value>
        <value name="Ty" output="Hz" input="Hy">5.749666e-6</value>
      </T.VAR>
      <T.INVSIGCOV type="complex" size="1  2">
        <value output="Hx" input="Hx">3.765941e-4 -3.297255e-12</value>
        <value output="Hx" input="Hy">-1.479512e-4 -2.774000e-5</value>
        <value output="Hy" input="Hx">-1.479512e-4 2.774000e-5</value>
        <value output="Hy" input="Hy">1.715806e-3 -1.392174e-11</value>
      </T.INVSIGCOV>
      <T.RESIDCOV type="complex" size="1  2">
        <value output="Hz" input="Hz">6.702000e-3 0.000000e0</value>
      </T.RESIDCOV>
    </Period>
    <Period value="53.89474" units="secs">
      <Z type="complex" size="2  2" units="[mV/km]/[nT]">
        <value name="Zxx" output="Ex" input="Hx">5.999624e-1 3.733433e-1</value>
        <value name="Zxy" output="Ex" input="Hy">5.807238e-1 1.134486e0</value>
        <value name="Zyx" output="Ey" input="Hx">-3.792576e0 -2.172514e0</value>
        <value name="Zyy" output="Ey" input="Hy">1.830376e-1 -4.942433e-1</value>
      </Z>
      <Z.VAR type="real" size="2  2">
        <value name="Zxx" output="Ex" input="Hx">7.112899e-6</value>
        <value name="Zxy" output="Ex" input="Hy">3.268702e-5</value>
        <value name="Zyx" output="Ey" input="Hx">4.748569e-5</value>
        <value name="Zyy" output="Ey" input="Hy">2.182185e-4</value>
      </Z.VAR>
      <Z.INVSIGCOV type="complex" size="2  2">
        <value output="Hx" input="Hx">2.958471e-4 1.509431e-12</value>
        <value output="Hx" input="Hy">-3.160900e-5 2.720000e-5</value>
        <value output="Hy" input="Hx">-3.160900e-5 -2.720000e-5</value>
        <value output="Hy" input="Hy">1.359553e-3 -4.968431e-12</value>
      </Z.INVSIGCOV>
      <Z.RESIDCOV type="complex" size="2  2">
        <value output="Ex" input="Ex">4.808496e-2 0.000000e0</value>
        <value output="Ex" input="Ey">-5.989874e-2 1.346000e-3</value>
        <value output="Ey" input="Ex">-5.989874e-2 -1.346000e-3</value>
        <value output="Ey" input="Ey">3.210150e-1 0.000000e0</value>
      </Z.RESIDCOV>
      <T type="complex" size="1  2" units="[]">
        <value name="Tx" output="Hz" input="Hx">-2.622772e-1 -1.725660e-1</value>
        <value name="Ty" output="Hz" input="Hy">9.279896e-2 -1.287411e-1</value>
      </T>
      <T.VAR type="real" size="1  2">
        <value name="Tx" output="Hz" input="Hx">1.215636e-6</value>
        <value name="Ty" output="Hz" input="Hy">5.586403e-6</value>
      </T.VAR>
      <T.INVSIGCOV type="complex" size="1  2">
        <value output="Hx" input="Hx">2.958471e-4 1.509431e-12</value>
        <value output="Hx" input="Hy">-3.160900e-5 2.720000e-5</value>
        <value output="Hy" input="Hx">-3.160900e-5 -2.720000e-5</value>
        <value output="Hy" input="Hy">1.359553e-3 -4.968431e-12</value>
      </T.INVSIGCOV>
      <T.RESIDCOV type="complex" size="1  2">
        <value output="Hz" input="Hz">8.218000e-3 0.000000e0</value>
      </T.RESIDCOV>
    </Period>
    <Period value="68.26667" units="secs">
      <Z type="complex" size="2  2" units="[mV/km]/[nT]">
        <value name="Zxx" output="Ex" input="Hx">5.209311e-1 3.400891e-1</value>
        <value name="Zxy" output="Ex" input="Hy">4.683076e-1 9.345997e-1</value>
        <value name="Zyx" output="Ey" input="Hx">-3.442692e0 -2.082800e0</value>
        <value name="Zyy" output="Ey" input="Hy">2.186688e-1 -3.197691e-1</value>
      </Z>
      <Z.VAR type="real" size="2  2">
        <value name="Zxx" output="Ex" input="Hx">5.795413e-6</value>
        <value name="Zxy" output="Ex" input="Hy">1.861072e-5</value>
        <value name="Zyx" output="Ey" input="Hx">3.961292e-5</value>
        <value name="Zyy" output="Ey" input="Hy">1.272084e-4</value>
      </Z.VAR>
      <Z.INVSIGCOV type="complex" size="2  2">
        <value output="Hx" input="Hx">2.188881e-4 1.154705e-13</value>
        <value output="Hx" input="Hy">-2.996110e-5 1.385000e-5</value>
        <value output="Hy" input="Hx">-2.996110e-5 -1.385000e-5</value>
        <value output="Hy" input="Hy">7.029119e-4 1.015039e-12</value>
      </Z.INVSIGCOV>
      <Z.RESIDCOV type="complex" size="2  2">
        <value output="Ex" input="Ex">5.295321e-2 0.000000e0</value>
        <value output="Ex" input="Ey">-6.230192e-2 3.766000e-4</value>
        <value output="Ey" input="Ex">-6.230192e-2 -3.766000e-4</value>
        <value output="Ey" input="Ey">3.619468e-1 -1.355253e-20</value>
      </Z.RESIDCOV>
      <T type="complex" size="1  2" units="[]">
        <value name="Tx" output="Hz" input="Hx">-2.181018e-1 -1.801400e-1</value>
        <value name="Ty" output="Hz" input="Hy">1.186278e-1 -1.446032e-1</value>
      </T>
      <T.VAR type="real" size="1  2">
        <value name="Tx" output="Hz" input="Hx">1.103196e-6</value>
        <value name="Ty" output="Hz" input="Hy">3.542676e-6</value>
      </T.VAR>
      <T.INVSIGCOV type="complex" size="1  2">
        <value output="Hx" input="Hx">2.188881e-4 1.154705e-13</value>
        <value output="Hx" input="Hy">-2.996110e-5 1.385000e-5</value>
        <value output="Hy" input="Hx">-2.996110e-5 -1.385000e-5</value>
        <value output="Hy" input="Hy">7.029119e-4 1.015039e-12</value>
      </T.INVSIGCOV>
      <T.RESIDCOV type="complex" size="1  2">
        <value output="Hz" input="Hz">1.008000e-2 0.000000e0</value>
      </T.RESIDCOV>
    </Period>
    <Period value="85.33334" units="secs">
      <Z type="complex" size="2  2" units="[mV/km]/[nT]">
        <value name="Zxx" output="Ex" input="Hx">4.662753e-1 3.093400e-1</value>
        <value name="Zxy" output="Ex" input="Hy">3.835519e-1 7.935600e-1</value>
        <value name="Zyx" output="Ey" input="Hx">-3.136748e0 -1.981240e0</value>
        <value name="Zyy" output="Ey" input="Hy">2.469247e-1 -2.232200e-1</value>
      </Z>
      <Z.VAR type="real" size="2  2">
        <value name="Zxx" output="Ex" input="Hx">7.285239e-6</value>
        <value name="Zxy" output="Ex" input="Hy">2.157678e-5</value>
        <value name="Zyx" output="Ey" input="Hx">4.457156e-5</value>
        <value name="Zyy" output="Ey" input="Hy">1.320081e-4</value>
      </Z.VAR>
      <Z.INVSIGCOV type="complex" size="2  2">
        <value output="Hx" input="Hx">2.485289e-4 2.303317e-12</value>
        <value output="Hx" input="Hy">-2.605805e-5 6.393000e-6</value>
        <value output="Hy" input="Hx">-2.605805e-5 -6.393000e-6</value>
        <value output="Hy" input="Hy">7.360711e-4 7.657829e-13</value>
      </Z.INVSIGCOV>
      <Z.RESIDCOV type="complex" size="2  2">
        <value output="Ex" input="Ex">5.862689e-2 0.000000e0</value>
        <value output="Ex" input="Ey">-5.749964e-2 2.521000e-3</value>
        <value output="Ey" input="Ex">-5.749964e-2 -2.521000e-3</value>
        <value output="Ey" input="Ey">3.586831e-1 -1.084202e-19</value>
      </Z.RESIDCOV>
      <T type="complex" size="1  2" units="[]">
        <value name="Tx" output="Hz" input="Hx">-1.720118e-1 -1.836281e-1</value>
        <value name="Ty" output="Hz" input="Hy">1.409948e-1 -1.427910e-1</value>
      </T>
      <T.VAR type="real" size="1  2">
        <value name="Tx" output="Hz" input="Hx">1.530938e-6</value>
        <value name="Ty" output="Hz" input="Hy">4.534198e-6</value>
      </T.VAR>
      <T.INVSIGCOV type="complex" size="1  2">
        <value output="Hx" input="Hx">2.485289e-4 2.303317e-12</value>
        <value output="Hx" input="Hy">-2.605805e-5 6.393000e-6</value>
        <value output="Hy" input="Hx">-2.605805e-5 -6.393000e-6</value>
        <value output="Hy" input="Hy">7.360711e-4 7.657829e-13</value>
      </T.INVSIGCOV>
      <T.RESIDCOV type="complex" size="1  2">
        <value output="Hz" input="Hz">1.232000e-2 0.000000e0</value>
      </T.RESIDCOV>
    </Period>
    <Period value="102.40000" units="secs">
      <Z type="complex" size="2  2" units="[mV/km]/[nT]">
        <value name="Zxx" output="Ex" input="Hx">4.357613e-1 2.893402e-1</value>
        <value name="Zxy" output="Ex" input="Hy">3.427163e-1 6.810742e-1</value>
        <value name="Zyx" output="Ey" input="Hx">-2.897984e0 -1.897726e0</value>
        <value name="Zyy" output="Ey" input="Hy">1.930387e-1 -9.017723e-2</value>
      </Z>
      <Z.VAR type="real" size="2  2">
        <value name="Zxx" output="Ex" input="Hx">6.834114e-6</value>
        <value name="Zxy" output="Ex" input="Hy">1.926982e-5</value>
        <value name="Zyx" output="Ey" input="Hx">4.643528e-5</value>
        <value name="Zyy" output="Ey" input="Hy">1.309313e-4</value>
      </Z.VAR>
      <Z.INVSIGCOV type="complex" size="2  2">
        <value output="Hx" input="Hx">2.136844e-4 6.297841e-13</value>
        <value output="Hx" input="Hy">-9.418796e-6 -3.394000e-6</value>
        <value output="Hy" input="Hx">-9.418796e-6 3.394000e-6</value>
        <value output="Hy" input="Hy">6.025155e-4 1.757616e-12</value>
      </Z.INVSIGCOV>
      <Z.RESIDCOV type="complex" size="2  2">
        <value output="Ex" input="Ex">6.396454e-2 5.421011e-20</value>
        <value output="Ex" input="Ey">-6.960997e-2 -2.036000e-3</value>
        <value output="Ey" input="Ex">-6.960997e-2 2.036000e-3</value>
        <value output="Ey" input="Ey">4.346155e-1 0.000000e0</value>
      </Z.RESIDCOV>
      <T type="complex" size="1  2" units="[]">
        <value name="Tx" output="Hz" input="Hx">-1.460579e-1 -1.850905e-1</value>
        <value name="Ty" output="Hz" input="Hy">1.689393e-1 -1.377087e-1</value>
      </T>
      <T.VAR type="real" size="1  2">
        <value name="Tx" output="Hz" input="Hx">1.660328e-6</value>
        <value name="Ty" output="Hz" input="Hy">4.681546e-6</value>
      </T.VAR>
      <T.INVSIGCOV type="complex" size="1  2">
        <value output="Hx" input="Hx">2.136844e-4 6.297841e-13</value>
        <value output="Hx" input="Hy">-9.418796e-6 -3.394000e-6</value>
        <value output="Hy" input="Hx">-9.418796e-6 3.394000e-6</value>
        <value output="Hy" input="Hy">6.025155e-4 1.757616e-12</value>
      </T.INVSIGCOV>
      <T.RESIDCOV type="complex" size="1  2">
        <value output="Hz" input="Hz">1.554000e-2 0.000000e0</value>
      </T.RESIDCOV>
    </Period>
    <Period value="132.12903" units="secs">
      <Z type="complex" size="2  2" units="[mV/km]/[nT]">
        <value name="Zxx" output="Ex" input="Hx">3.916355e-1 2.617003e-1</value>
        <value name="Zxy" output="Ex" input="Hy">3.008323e-1 5.422033e-1</value>
        <value name="Zyx" output="Ey" input="Hx">-2.601268e0 -1.782497e0</value>
        <value name="Zyy" output="Ey" input="Hy">1.340645e-1 2.386968e-2</value>
      </Z>
      <Z.VAR type="real" size="2  2">
        <value name="Zxx" output="Ex" input="Hx">8.197527e-6</value>
        <value name="Zxy" output="Ex" input="Hy">2.261552e-5</value>
        <value name="Zyx" output="Ey" input="Hx">3.049537e-5</value>
        <value name="Zyy" output="Ey" input="Hy">8.413132e-5</value>
      </Z.VAR>
      <Z.INVSIGCOV type="complex" size="2  2">
        <value output="Hx" input="Hx">2.125400e-4 -1.754840e-13</value>
        <value output="Hx" input="Hy">1.900447e-5 -3.820000e-5</value>
        <value output="Hy" input="Hx">1.900447e-5 3.820000e-5</value>
        <value output="Hy" input="Hy">5.863600e-4 5.321840e-13</value>
      </Z.INVSIGCOV>
      <Z.RESIDCOV type="complex" size="2  2">
        <value output="Ex" input="Ex">7.713870e-2 0.000000e0</value>
        <value output="Ex" input="Ey">-3.572804e-2 1.812000e-4</value>
        <value output="Ey" input="Ex">-3.572804e-2 -1.812000e-4</value>
        <value output="Ey" input="Ey">2.869613e-1 6.776264e-21</value>
      </Z.RESIDCOV>
      <T type="complex" size="1  2" units="[]">
        <value name="Tx" output="Hz" input="Hx">-1.033396e-1 -1.765890e-1</value>
        <value name="Ty" output="Hz" input="Hy">1.976161e-1 -1.363104e-1</value>
      </T>
      <T.VAR type="real" size="1  2">
        <value name="Tx" output="Hz" input="Hx">1.756643e-6</value>
        <value name="Ty" output="Hz" input="Hy">4.846266e-6</value>
      </T.VAR>
      <T.INVSIGCOV type="complex" size="1  2">
        <value output="Hx" input="Hx">2.125400e-4 -1.754840e-13</value>
        <value output="Hx" input="Hy">1.900447e-5 -3.820000e-5</value>
        <value output="Hy" input="Hx">1.900447e-5 3.820000e-5</value>
        <value output="Hy" input="Hy">5.863600e-4 5.321840e-13</value>
      </T.INVSIGCOV>
      <T.RESIDCOV type="complex" size="1  2">
        <value output="Hz" input="Hz">1.653000e-2 0.000000e0</value>
      </T.RESIDCOV>
    </Period>
    <Period value="170.66667" units="secs">
      <Z type="complex" size="2  2" units="[mV/km]/[nT]">
        <value name="Zxx" output="Ex" input="Hx">3.554697e-1 2.393672e-1</value>
        <value name="Zxy" output="Ex" input="Hy">2.638019e-1 4.354437e-1</value>
        <value name="Zyx" output="Ey" input="Hx">-2.300698e0 -1.641656e0</value>
        <value name="Zyy" output="Ey" input="Hy">7.182028e-2 1.025928e-1</value>
      </Z>
      <Z.VAR type="real" size="2  2">
        <value name="Zxx" output="Ex" input="Hx">1.011819e-5</value>
        <value name="Zxy" output="Ex" input="Hy">2.663836e-5</value>
        <value name="Zyx" output="Ey" input="Hx">2.947807e-5</value>
        <value name="Zyy" output="Ey" input="Hy">7.760754e-5</value>
      </Z.VAR>
      <Z.INVSIGCOV type="complex" size="2  2">
        <value output="Hx" input="Hx">1.966295e-4 -2.378316e-13</value>
        <value output="Hx" input="Hy">1.715549e-5 -5.972000e-5</value>
        <value output="Hy" input="Hx">1.715549e-5 5.972000e-5</value>
        <value output="Hy" input="Hy">5.176705e-4 5.167316e-13</value>
      </Z.INVSIGCOV>
      <Z.RESIDCOV type="complex" size="2  2">
        <value output="Ex" input="Ex">1.029163e-1 2.168404e-19</value>
        <value output="Ex" input="Ey">-3.640880e-2 -5.319000e-3</value>
        <value output="Ey" input="Ex">-3.640880e-2 5.319000e-3</value>
        <value output="Ey" input="Ey">2.998337e-1 0.000000e0</value>
      </Z.RESIDCOV>
      <T type="complex" size="1  2" units="[]">
        <value name="Tx" output="Hz" input="Hx">-6.450672e-2 -1.603300e-1</value>
        <value name="Ty" output="Hz" input="Hy">2.274612e-1 -1.243716e-1</value>
      </T>
      <T.VAR type="real" size="1  2">
        <value name="Tx" output="Hz" input="Hx">2.239610e-6</value>
        <value name="Ty" output="Hz" input="Hy">5.896267e-6</value>
      </T.VAR>
      <T.INVSIGCOV type="complex" size="1  2">
        <value output="Hx" input="Hx">1.966295e-4 -2.378316e-13</value>
        <value output="Hx" input="Hy">1.715549e-5 -5.972000e-5</value>
        <value output="Hy" input="Hx">1.715549e-5 5.972000e-5</value>
        <value output="Hy" input="Hy">5.176705e-4 5.167316e-13</value>
      </T.INVSIGCOV>
      <T.RESIDCOV type="complex" size="1  2">
        <value output="Hz" input="Hz">2.278000e-2 0.000000e0</value>
      </T.RESIDCOV>
    </Period>
    <Period value="215.57895" units="secs">
      <Z type="complex" size="2  2" units="[mV/km]/[nT]">
        <value name="Zxx" output="Ex" input="Hx">3.186840e-1 2.153880e-1</value>
        <value name="Zxy" output="Ex" input="Hy">2.437723e-1 3.637238e-1</value>
        <value name="Zyx" output="Ey" input="Hx">-2.051428e0 -1.497376e0</value>
        <value name="Zyy" output="Ey" input="Hy">1.180599e-2 1.308320e-1</value>
      </Z>
      <Z.VAR type="real" size="2  2">
        <value name="Zxx" output="Ex" input="Hx">1.042380e-5</value>
        <value name="Zxy" output="Ex" input="Hy">2.762516e-5</value>
        <value name="Zyx" output="Ey" input="Hx">3.297107e-5</value>
        <value name="Zyy" output="Ey" input="Hy">8.737997e-5</value>
      </Z.VAR>
      <Z.INVSIGCOV type="complex" size="2  2">
        <value output="Hx" input="Hx">1.735795e-4 1.415831e-13</value>
        <value output="Hx" input="Hy">2.189594e-5 -2.981000e-5</value>
        <value output="Hy" input="Hx">2.189594e-5 2.981000e-5</value>
        <value output="Hy" input="Hy">4.600205e-4 1.520927e-12</value>
      </Z.INVSIGCOV>
      <Z.RESIDCOV type="complex" size="2  2">
        <value output="Ex" input="Ex">1.201040e-1 2.168404e-19</value>
        <value output="Ex" input="Ey">-4.155564e-2 4.681000e-3</value>
        <value output="Ey" input="Ex">-4.155564e-2 -4.681000e-3</value>
        <value output="Ey" input="Ey">3.798960e-1 0.000000e0</value>
      </Z.RESIDCOV>
      <T type="complex" size="1  2" units="[]">
        <value name="Tx" output="Hz" input="Hx">-3.767175e-2 -1.437873e-1</value>
        <value name="Ty" output="Hz" input="Hy">2.539651e-1 -1.132297e-1</value>
      </T>
      <T.VAR type="real" size="1  2">
        <value name="Tx" output="Hz" input="Hx">2.384114e-6</value>
        <value name="Ty" output="Hz" input="Hy">6.318382e-6</value>
      </T.VAR>
      <T.INVSIGCOV type="complex" size="1  2">
        <value output="Hx" input="Hx">1.735795e-4 1.415831e-13</value>
        <value output="Hx" input="Hy">2.189594e-5 -2.981000e-5</value>
        <value output="Hy" input="Hx">2.189594e-5 2.981000e-5</value>
        <value output="Hy" input="Hy">4.600205e-4 1.520927e-12</value>
      </T.INVSIGCOV>
      <T.RESIDCOV type="complex" size="1  2">
        <value output="Hz" input="Hz">2.747000e-2 0.000000e0</value>
      </T.RESIDCOV>
    </Period>
    <Period value="273.06668" units="secs">
      <Z type="complex" size="2  2" units="[mV/km]/[nT]">
        <value name="Zxx" output="Ex" input="Hx">2.949485e-1 1.991916e-1</value>
        <value name="Zxy" output="Ex" input="Hy">2.194131e-1 3.063151e-1</value>
        <value name="Zyx" output="Ey" input="Hx">-1.845987e0 -1.371285e0</value>
        <value name="Zyy" output="Ey" input="Hy">-4.688851e-2 1.251884e-1</value>
      </Z>
      <Z.VAR type="real" size="2  2">
        <value name="Zxx" output="Ex" input="Hx">6.747983e-6</value>
        <value name="Zxy" output="Ex" input="Hy">2.162321e-5</value>
        <value name="Zyx" output="Ey" input="Hx">1.991019e-5</value>
        <value name="Zyy" output="Ey" input="Hy">6.380013e-5</value>
      </Z.VAR>
      <Z.INVSIGCOV type="complex" size="2  2">
        <value output="Hx" input="Hx">8.329378e-5 8.564075e-15</value>
        <value output="Hx" input="Hy">1.896344e-5 -4.513000e-6</value>
        <value output="Hy" input="Hx">1.896344e-5 4.513000e-6</value>
        <value output="Hy" input="Hy">2.669062e-4 1.387926e-12</value>
      </Z.INVSIGCOV>
      <Z.RESIDCOV type="complex" size="2  2">
        <value output="Ex" input="Ex">1.620285e-1 4.336809e-19</value>
        <value output="Ex" input="Ey">-5.540816e-2 -1.607000e-2</value>
        <value output="Ey" input="Ex">-5.540816e-2 1.607000e-2</value>
        <value output="Ey" input="Ey">4.780715e-1 -4.336809e-19</value>
      </Z.RESIDCOV>
      <T type="complex" size="1  2" units="[]">
        <value name="Tx" output="Hz" input="Hx">-1.426117e-2 -1.249112e-1</value>
        <value name="Ty" output="Hz" input="Hy">2.699489e-1 -1.046854e-1</value>
      </T>
      <T.VAR type="real" size="1  2">
        <value name="Tx" output="Hz" input="Hx">1.596742e-6</value>
        <value name="Ty" output="Hz" input="Hy">5.116592e-6</value>
      </T.VAR>
      <T.INVSIGCOV type="complex" size="1  2">
        <value output="Hx" input="Hx">8.329378e-5 8.564075e-15</value>
        <value output="Hx" input="Hy">1.896344e-5 -4.513000e-6</value>
        <value output="Hy" input="Hx">1.896344e-5 4.513000e-6</value>
        <value output="Hy" input="Hy">2.669062e-4 1.387926e-12</value>
      </T.INVSIGCOV>
      <T.RESIDCOV type="complex" size="1  2">
        <value output="Hz" input="Hz">3.834000e-2 0.000000e0</value>
      </T.RESIDCOV>
    </Period>
    <Period value="341.33334" units="secs">
      <Z type="complex" size="2  2" units="[mV/km]/[nT]">
        <value name="Zxx" output="Ex" input="Hx">2.766213e-1 1.863998e-1</value>
        <value name="Zxy" output="Ex" input="Hy">2.101189e-1 2.606537e-1</value>
        <value name="Zyx" output="Ey" input="Hx">-1.685181e0 -1.260146e0</value>
        <value name="Zyy" output="Ey" input="Hy">-1.132113e-1 1.312601e-1</value>
      </Z>
      <Z.VAR type="real" size="2  2">
        <value name="Zxx" output="Ex" input="Hx">9.047278e-6</value>
        <value name="Zxy" output="Ex" input="Hy">2.811982e-5</value>
        <value name="Zyx" output="Ey" input="Hx">2.334929e-5</value>
        <value name="Zyy" output="Ey" input="Hy">7.257186e-5</value>
      </Z.VAR>
      <Z.INVSIGCOV type="complex" size="2  2">
        <value output="Hx" input="Hx">7.716224e-5 1.081192e-13</value>
        <value output="Hx" input="Hy">-1.056430e-6 -3.551000e-5</value>
        <value output="Hy" input="Hx">-1.056430e-6 3.551000e-5</value>
        <value output="Hy" input="Hy">2.398278e-4 5.580826e-15</value>
      </Z.INVSIGCOV>
      <Z.RESIDCOV type="complex" size="2  2">
        <value output="Ex" input="Ex">2.345001e-1 4.336809e-19</value>
        <value output="Ex" input="Ey">-4.928530e-2 -1.347000e-2</value>
        <value output="Ey" input="Ex">-4.928530e-2 1.347000e-2</value>
        <value output="Ey" input="Ey">6.051998e-1 0.000000e0</value>
      </Z.RESIDCOV>
      <T type="complex" size="1  2" units="[]">
        <value name="Tx" output="Hz" input="Hx">-3.450554e-3 -1.082933e-1</value>
        <value name="Ty" output="Hz" input="Hy">2.929147e-1 -9.387508e-2</value>
      </T>
      <T.VAR type="real" size="1  2">
        <value name="Tx" output="Hz" input="Hx">2.390100e-6</value>
        <value name="Ty" output="Hz" input="Hy">7.428665e-6</value>
      </T.VAR>
      <T.INVSIGCOV type="complex" size="1  2">
        <value output="Hx" input="Hx">7.716224e-5 1.081192e-13</value>
        <value output="Hx" input="Hy">-1.056430e-6 -3.551000e-5</value>
        <value output="Hy" input="Hx">-1.056430e-6 3.551000e-5</value>
        <value output="Hy" input="Hy">2.398278e-4 5.580826e-15</value>
      </T.INVSIGCOV>
      <T.RESIDCOV type="complex" size="1  2">
        <value output="Hz" input="Hz">6.195000e-2 0.000000e0</value>
      </T.RESIDCOV>
    </Period>
    <Period value="409.60001" units="secs">
      <Z type="complex" size="2  2" units="[mV/km]/[nT]">
        <value name="Zxx" output="Ex" input="Hx">2.524867e-1 1.764326e-1</value>
        <value name="Zxy" output="Ex" input="Hy">1.948689e-1 2.320530e-1</value>
        <value name="Zyx" output="Ey" input="Hx">-1.556531e0 -1.176847e0</value>
        <value name="Zyy" output="Ey" input="Hy">-1.284767e-1 8.604744e-2</value>
      </Z>
      <Z.VAR type="real" size="2  2">
        <value name="Zxx" output="Ex" input="Hx">9.020693e-6</value>
        <value name="Zxy" output="Ex" input="Hy">2.292876e-5</value>
        <value name="Zyx" output="Ey" input="Hx">2.672152e-5</value>
        <value name="Zyy" output="Ey" input="Hy">6.792063e-5</value>
      </Z.VAR>
      <Z.INVSIGCOV type="complex" size="2  2">
        <value output="Hx" input="Hx">5.811742e-5 -4.934342e-14</value>
        <value output="Hx" input="Hy">5.379544e-6 -2.284000e-5</value>
        <value output="Hy" input="Hx">5.379544e-6 2.284000e-5</value>
        <value output="Hy" input="Hy">1.477226e-4 -4.337766e-13</value>
      </Z.INVSIGCOV>
      <Z.RESIDCOV type="complex" size="2  2">
        <value output="Ex" input="Ex">3.104299e-1 2.168404e-19</value>
        <value output="Ex" input="Ey">-1.171731e-1 -6.355000e-3</value>
        <value output="Ey" input="Ex">-1.171731e-1 6.355000e-3</value>
        <value output="Ey" input="Ey">9.195701e-1 -2.168404e-19</value>
      </Z.RESIDCOV>
      <T type="complex" size="1  2" units="[]">
        <value name="Tx" output="Hz" input="Hx">1.706315e-2 -9.422094e-2</value>
        <value name="Ty" output="Hz" input="Hy">3.109065e-1 -7.231151e-2</value>
      </T>
      <T.VAR type="real" size="1  2">
        <value name="Tx" output="Hz" input="Hx">2.458948e-6</value>
        <value name="Ty" output="Hz" input="Hy">6.250142e-6</value>
      </T.VAR>
      <T.INVSIGCOV type="complex" size="1  2">
        <value output="Hx" input="Hx">5.811742e-5 -4.934342e-14</value>
        <value output="Hx" input="Hy">5.379544e-6 -2.284000e-5</value>
        <value output="Hy" input="Hx">5.379544e-6 2.284000e-5</value>
        <value output="Hy" input="Hy">1.477226e-4 -4.337766e-13</value>
      </T.INVSIGCOV>
      <T.RESIDCOV type="complex" size="1  2">
        <value output="Hz" input="Hz">8.462000e-2 0.000000e0</value>
      </T.RESIDCOV>
    </Period>
    <Period value="528.51611" units="secs">
      <Z type="complex" size="2  2" units="[mV/km]/[nT]">
        <value name="Zxx" output="Ex" input="Hx">2.295196e-1 1.574004e-1</value>
        <value name="Zxy" output="Ex" input="Hy">1.794050e-1 2.149569e-1</value>
        <value name="Zyx" output="Ey" input="Hx">-1.401095e0 -1.075743e0</value>
        <value name="Zyy" output="Ey" input="Hy">-1.633196e-1 5.321958e-2</value>
      </Z>
      <Z.VAR type="real" size="2  2">
        <value name="Zxx" output="Ex" input="Hx">9.635144e-6</value>
        <value name="Zxy" output="Ex" input="Hy">2.549654e-5</value>
        <value name="Zyx" output="Ey" input="Hx">1.581398e-5</value>
        <value name="Zyy" output="Ey" input="Hy">4.184700e-5</value>
      </Z.VAR>
      <Z.INVSIGCOV type="complex" size="2  2">
        <value output="Hx" input="Hx">3.728537e-5 -1.455693e-14</value>
        <value output="Hx" input="Hy">2.804789e-6 -1.013000e-5</value>
        <value output="Hy" input="Hx">2.804789e-6 1.013000e-5</value>
        <value output="Hy" input="Hy">9.866463e-5 -6.096130e-13</value>
      </Z.INVSIGCOV>
      <Z.RESIDCOV type="complex" size="2  2">
        <value output="Ex" input="Ex">5.168324e-1 0.000000e0</value>
        <value output="Ex" input="Ey">-2.106186e-2 -2.467000e-2</value>
        <value output="Ey" input="Ex">-2.106186e-2 2.467000e-2</value>
        <value output="Ey" input="Ey">8.482675e-1 0.000000e0</value>
      </Z.RESIDCOV>
      <T type="complex" size="1  2" units="[]">
        <value name="Tx" output="Hz" input="Hx">2.972579e-2 -7.814446e-2</value>
        <value name="Ty" output="Hz" input="Hy">3.241408e-1 -4.724691e-2</value>
      </T>
      <T.VAR type="real" size="1  2">
        <value name="Tx" output="Hz" input="Hx">2.872837e-6</value>
        <value name="Ty" output="Hz" input="Hy">7.602110e-6</value>
      </T.VAR>
      <T.INVSIGCOV type="complex" size="1  2">
        <value output="Hx" input="Hx">3.728537e-5 -1.455693e-14</value>
        <value output="Hx" input="Hy">2.804789e-6 -1.013000e-5</value>
        <value output="Hy" input="Hx">2.804789e-6 1.013000e-5</value>
        <value output="Hy" input="Hy">9.866463e-5 -6.096130e-13</value>
      </T.INVSIGCOV>
      <T.RESIDCOV type="complex" size="1  2">
        <value output="Hz" input="Hz">1.541000e-1 0.000000e0</value>
      </T.RESIDCOV>
    </Period>
    <Period value="682.66669" units="secs">
      <Z type="complex" size="2  2" units="[mV/km]/[nT]">
        <value name="Zxx" output="Ex" input="Hx">2.087411e-1 1.536041e-1</value>
        <value name="Zxy" output="Ex" input="Hy">1.516740e-1 1.804183e-1</value>
        <value name="Zyx" output="Ey" input="Hx">-1.253026e0 -9.924817e-1</value>
        <value name="Zyy" output="Ey" input="Hy">-1.802211e-1 1.947588e-2</value>
      </Z>
      <Z.VAR type="real" size="2  2">
        <value name="Zxx" output="Ex" input="Hx">9.246123e-6</value>
        <value name="Zxy" output="Ex" input="Hy">2.882971e-5</value>
        <value name="Zyx" output="Ey" input="Hx">1.795431e-5</value>
        <value name="Zyy" output="Ey" input="Hy">5.598212e-5</value>
      </Z.VAR>
      <Z.INVSIGCOV type="complex" size="2  2">
        <value output="Hx" input="Hx">2.616055e-5 3.117261e-14</value>
        <value output="Hx" input="Hy">2.383263e-6 -7.108000e-6</value>
        <value output="Hy" input="Hx">2.383263e-6 7.108000e-6</value>
        <value output="Hy" input="Hy">8.156945e-5 -1.967926e-13</value>
      </Z.INVSIGCOV>
      <Z.RESIDCOV type="complex" size="2  2">
        <value output="Ex" input="Ex">7.068752e-1 1.084202e-19</value>
        <value output="Ex" input="Ey">-6.492399e-2 3.417000e-3</value>
        <value output="Ey" input="Ex">-6.492399e-2 -3.417000e-3</value>
        <value output="Ey" input="Ey">1.372625e0 0.000000e0</value>
      </Z.RESIDCOV>
      <T type="complex" size="1  2" units="[]">
        <value name="Tx" output="Hz" input="Hx">4.074515e-2 -5.729708e-2</value>
        <value name="Ty" output="Hz" input="Hy">3.289004e-1 -2.142553e-2</value>
      </T>
      <T.VAR type="real" size="1  2">
        <value name="Tx" output="Hz" input="Hx">4.766452e-6</value>
        <value name="Ty" output="Hz" input="Hy">1.486195e-5</value>
      </T.VAR>
      <T.INVSIGCOV type="complex" size="1  2">
        <value output="Hx" input="Hx">2.616055e-5 3.117261e-14</value>
        <value output="Hx" input="Hy">2.383263e-6 -7.108000e-6</value>
        <value output="Hy" input="Hx">2.383263e-6 7.108000e-6</value>
        <value output="Hy" input="Hy">8.156945e-5 -1.967926e-13</value>
      </T.INVSIGCOV>
      <T.RESIDCOV type="complex" size="1  2">
        <value output="Hz" input="Hz">3.644000e-1 0.000000e0</value>
      </T.RESIDCOV>
    </Period>
    <Period value="862.31580" units="secs">
      <Z type="complex" size="2  2" units="[mV/km]/[nT]">
        <value name="Zxx" output="Ex" input="Hx">1.892088e-1 1.486146e-1</value>
        <value name="Zxy" output="Ex" input="Hy">1.306797e-1 1.685667e-1</value>
        <value name="Zyx" output="Ey" input="Hx">-1.133720e0 -9.148333e-1</value>
        <value name="Zyy" output="Ey" input="Hy">-1.556888e-1 -2.494463e-2</value>
      </Z>
      <Z.VAR type="real" size="2  2">
        <value name="Zxx" output="Ex" input="Hx">1.305816e-5</value>
        <value name="Zxy" output="Ex" input="Hy">3.719084e-5</value>
        <value name="Zyx" output="Ey" input="Hx">2.172280e-5</value>
        <value name="Zyy" output="Ey" input="Hy">6.186852e-5</value>
      </Z.VAR>
      <Z.INVSIGCOV type="complex" size="2  2">
        <value output="Hx" input="Hx">2.456283e-5 1.443310e-14</value>
        <value output="Hx" input="Hy">9.235386e-7 -9.279000e-6</value>
        <value output="Hy" input="Hx">9.235386e-7 9.279000e-6</value>
        <value output="Hy" input="Hy">6.995717e-5 1.268799e-13</value>
      </Z.INVSIGCOV>
      <Z.RESIDCOV type="complex" size="2  2">
        <value output="Ex" input="Ex">1.063246e0 3.469447e-18</value>
        <value output="Ex" input="Ey">-1.640296e-1 -1.210000e-1</value>
        <value output="Ey" input="Ex">-1.640296e-1 1.210000e-1</value>
        <value output="Ey" input="Ey">1.768754e0 0.000000e0</value>
      </Z.RESIDCOV>
      <T type="complex" size="1  2" units="[]">
        <value name="Tx" output="Hz" input="Hx">4.328574e-2 -3.376346e-2</value>
        <value name="Ty" output="Hz" input="Hy">3.398350e-1 6.880743e-3</value>
      </T>
      <T.VAR type="real" size="1  2">
        <value name="Tx" output="Hz" input="Hx">7.302529e-6</value>
        <value name="Ty" output="Hz" input="Hy">2.079827e-5</value>
      </T.VAR>
      <T.INVSIGCOV type="complex" size="1  2">
        <value output="Hx" input="Hx">2.456283e-5 1.443310e-14</value>
        <value output="Hx" input="Hy">9.235386e-7 -9.279000e-6</value>
        <value output="Hy" input="Hx">9.235386e-7 9.279000e-6</value>
        <value output="Hy" input="Hy">6.995717e-5 1.268799e-13</value>
      </T.INVSIGCOV>
      <T.RESIDCOV type="complex" size="1  2">
        <value output="Hz" input="Hz">5.946000e-1 0.000000e0</value>
      </T.RESIDCOV>
    </Period>
    <Period value="1092.26672" units="secs">
      <Z type="complex" size="2  2" units="[mV/km]/[nT]">
        <value name="Zxx" output="Ex" input="Hx">1.717733e-1 1.352903e-1</value>
        <value name="Zxy" output="Ex" input="Hy">1.241060e-1 1.494331e-1</value>
        <value name="Zyx" output="Ey" input="Hx">-1.013954e0 -8.481669e-1</value>
        <value name="Zyy" output="Ey" input="Hy">-1.555833e-1 -3.796034e-2</value>
      </Z>
      <Z.VAR type="real" size="2  2">
        <value name="Zxx" output="Ex" input="Hx">1.069495e-5</value>
        <value name="Zxy" output="Ex" input="Hy">2.400193e-5</value>
        <value name="Zyx" output="Ey" input="Hx">2.634384e-5</value>
        <value name="Zyy" output="Ey" input="Hy">5.912166e-5</value>
      </Z.VAR>
      <Z.INVSIGCOV type="complex" size="2  2">
        <value output="Hx" input="Hx">1.410196e-5 5.696585e-14</value>
        <value output="Hx" input="Hy">4.690775e-6 -3.421000e-6</value>
        <value output="Hy" input="Hx">4.690775e-6 3.421000e-6</value>
        <value output="Hy" input="Hy">3.164805e-5 3.447415e-14</value>
      </Z.INVSIGCOV>
      <Z.RESIDCOV type="complex" size="2  2">
        <value output="Ex" input="Ex">1.516803e0 1.734723e-18</value>
        <value output="Ex" input="Ey">-5.062409e-1 -4.493000e-2</value>
        <value output="Ey" input="Ex">-5.062409e-1 4.493000e-2</value>
        <value output="Ey" input="Ey">3.736197e0 0.000000e0</value>
      </Z.RESIDCOV>
      <T type="complex" size="1  2" units="[]">
        <value name="Tx" output="Hz" input="Hx">4.199186e-2 -2.175674e-2</value>
        <value name="Ty" output="Hz" input="Hy">3.450787e-1 1.523851e-2</value>
      </T>
      <T.VAR type="real" size="1  2">
        <value name="Tx" output="Hz" input="Hx">9.920725e-6</value>
        <value name="Ty" output="Hz" input="Hy">2.226440e-5</value>
      </T.VAR>
      <T.INVSIGCOV type="complex" size="1  2">
        <value output="Hx" input="Hx">1.410196e-5 5.696585e-14</value>
        <value output="Hx" input="Hy">4.690775e-6 -3.421000e-6</value>
        <value output="Hy" input="Hx">4.690775e-6 3.421000e-6</value>
        <value output="Hy" input="Hy">3.164805e-5 3.447415e-14</value>
      </T.INVSIGCOV>
      <T.RESIDCOV type="complex" size="1  2">
        <value output="Hz" input="Hz">1.407000e0 0.000000e0</value>
      </T.RESIDCOV>
    </Period>
    <Period value="1365.33337" units="secs">
      <Z type="complex" size="2  2" units="[mV/km]/[nT]">
        <value name="Zxx" output="Ex" input="Hx">1.543254e-1 1.232383e-1</value>
        <value name="Zxy" output="Ex" input="Hy">1.061570e-1 1.344242e-1</value>
        <value name="Zyx" output="Ey" input="Hx">-9.174230e-1 -7.879758e-1</value>
        <value name="Zyy" output="Ey" input="Hy">-1.414354e-1 -6.099825e-2</value>
      </Z>
      <Z.VAR type="real" size="2  2">
        <value name="Zxx" output="Ex" input="Hx">1.037522e-5</value>
        <value name="Zxy" output="Ex" input="Hy">3.167462e-5</value>
        <value name="Zyx" output="Ey" input="Hx">2.242203e-5</value>
        <value name="Zyy" output="Ey" input="Hy">6.845245e-5</value>
      </Z.VAR>
      <Z.INVSIGCOV type="complex" size="2  2">
        <value output="Hx" input="Hx">8.130208e-6 9.439287e-15</value>
        <value output="Hx" input="Hy">2.674420e-8 -1.534000e-6</value>
        <value output="Hy" input="Hx">2.674420e-8 1.534000e-6</value>
        <value output="Hy" input="Hy">2.482079e-5 -1.298929e-14</value>
      </Z.INVSIGCOV>
      <Z.RESIDCOV type="complex" size="2  2">
        <value output="Ex" input="Ex">2.552265e0 -6.938894e-18</value>
        <value output="Ex" input="Ey">-1.590506e-1 -2.374000e-1</value>
        <value output="Ey" input="Ex">-1.590506e-1 2.374000e-1</value>
        <value output="Ey" input="Ey">5.515735e0 0.000000e0</value>
      </Z.RESIDCOV>
      <T type="complex" size="1  2" units="[]">
        <value name="Tx" output="Hz" input="Hx">4.580333e-2 -1.615387e-2</value>
        <value name="Ty" output="Hz" input="Hy">3.395866e-1 4.646584e-2</value>
      </T>
      <T.VAR type="real" size="1  2">
        <value name="Tx" output="Hz" input="Hx">1.150424e-5</value>
        <value name="Ty" output="Hz" input="Hy">3.512142e-5</value>
      </T.VAR>
      <T.INVSIGCOV type="complex" size="1  2">
        <value output="Hx" input="Hx">8.130208e-6 9.439287e-15</value>
        <value output="Hx" input="Hy">2.674420e-8 -1.534000e-6</value>
        <value output="Hy" input="Hx">2.674420e-8 1.534000e-6</value>
        <value output="Hy" input="Hy">2.482079e-5 -1.298929e-14</value>
      </T.INVSIGCOV>
      <T.RESIDCOV type="complex" size="1  2">
        <value output="Hz" input="Hz">2.830000e0 0.000000e0</value>
      </T.RESIDCOV>
    </Period>
    <Period value="1638.40002" units="secs">
      <Z type="complex" size="2  2" units="[mV/km]/[nT]">
        <value name="Zxx" output="Ex" input="Hx">1.311033e-1 1.170272e-1</value>
        <value name="Zxy" output="Ex" input="Hy">9.661361e-2 1.200673e-1</value>
        <value name="Zyx" output="Ey" input="Hx">-8.052164e-1 -7.197327e-1</value>
        <value name="Zyy" output="Ey" input="Hy">-1.381233e-1 -5.377725e-2</value>
      </Z>
      <Z.VAR type="real" size="2  2">
        <value name="Zxx" output="Ex" input="Hx">1.175405e-5</value>
        <value name="Zxy" output="Ex" input="Hy">1.997938e-5</value>
        <value name="Zyx" output="Ey" input="Hx">2.954727e-5</value>
        <value name="Zyy" output="Ey" input="Hy">5.022406e-5</value>
      </Z.VAR>
      <Z.INVSIGCOV type="complex" size="2  2">
        <value output="Hx" input="Hx">7.892475e-6 -1.175438e-15</value>
        <value output="Hx" input="Hy">6.351348e-7 -3.699000e-6</value>
        <value output="Hy" input="Hx">6.351348e-7 3.699000e-6</value>
        <value output="Hy" input="Hy">1.341552e-5 1.077704e-13</value>
      </Z.INVSIGCOV>
      <Z.RESIDCOV type="complex" size="2  2">
        <value output="Ex" input="Ex">2.978546e0 2.775558e-17</value>
        <value output="Ex" input="Ey">-9.786495e-1 -1.034000e0</value>
        <value output="Ey" input="Ex">-9.786495e-1 1.034000e0</value>
        <value output="Ey" input="Ey">7.487453e0 2.775558e-17</value>
      </Z.RESIDCOV>
      <T type="complex" size="1  2" units="[]">
        <value name="Tx" output="Hz" input="Hx">4.216927e-2 -3.220893e-3</value>
        <value name="Ty" output="Hz" input="Hy">3.465547e-1 6.748342e-2</value>
      </T>
      <T.VAR type="real" size="1  2">
        <value name="Tx" output="Hz" input="Hx">2.299867e-5</value>
        <value name="Ty" output="Hz" input="Hy">3.909284e-5</value>
      </T.VAR>
      <T.INVSIGCOV type="complex" size="1  2">
        <value output="Hx" input="Hx">7.892475e-6 -1.175438e-15</value>
        <value output="Hx" input="Hy">6.351348e-7 -3.699000e-6</value>
        <value output="Hy" input="Hx">6.351348e-7 3.699000e-6</value>
        <value output="Hy" input="Hy">1.341552e-5 1.077704e-13</value>
      </T.INVSIGCOV>
      <T.RESIDCOV type="complex" size="1  2">
        <value output="Hz" input="Hz">5.828000e0 0.000000e0</value>
      </T.RESIDCOV>
    </Period>
    <Period value="2259.86206" units="secs">
      <Z type="complex" size="2  2" units="[mV/km]/[nT]">
        <value name="Zxx" output="Ex" input="Hx">1.150347e-1 1.015882e-1</value>
        <value name="Zxy" output="Ex" input="Hy">8.003680e-2 1.114512e-1</value>
        <value name="Zyx" output="Ey" input="Hx">-6.756432e-1 -6.404488e-1</value>
        <value name="Zyy" output="Ey" input="Hy">-9.599470e-2 -5.817816e-2</value>
      </Z>
      <Z.VAR type="real" size="2  2">
        <value name="Zxx" output="Ex" input="Hx">1.689540e-5</value>
        <value name="Zxy" output="Ex" input="Hy">2.578902e-5</value>
        <value name="Zyx" output="Ey" input="Hx">4.394508e-5</value>
        <value name="Zyy" output="Ey" input="Hy">6.707748e-5</value>
      </Z.VAR>
      <Z.INVSIGCOV type="complex" size="2  2">
        <value output="Hx" input="Hx">3.316190e-6 -9.354483e-15</value>
        <value output="Hx" input="Hy">-1.084774e-7 -1.212000e-6</value>
        <value output="Hy" input="Hx">-1.084774e-7 1.212000e-6</value>
        <value output="Hy" input="Hy">5.061810e-6 -1.739252e-14</value>
      </Z.INVSIGCOV>
      <Z.RESIDCOV type="complex" size="2  2">
        <value output="Ex" input="Ex">1.018964e1 1.387779e-17</value>
        <value output="Ex" input="Ey">-3.720052e0 4.817000e-1</value>
        <value output="Ey" input="Ex">-3.720052e0 -4.817000e-1</value>
        <value output="Ey" input="Ey">2.650336e1 0.000000e0</value>
      </Z.RESIDCOV>
      <T type="complex" size="1  2" units="[]">
        <value name="Tx" output="Hz" input="Hx">2.058340e-2 2.126422e-2</value>
        <value name="Ty" output="Hz" input="Hy">3.350874e-1 7.896335e-2</value>
      </T>
      <T.VAR type="real" size="1  2">
        <value name="Tx" output="Hz" input="Hx">4.803501e-5</value>
        <value name="Ty" output="Hz" input="Hy">7.332032e-5</value>
      </T.VAR>
      <T.INVSIGCOV type="complex" size="1  2">
        <value output="Hx" input="Hx">3.316190e-6 -9.354483e-15</value>
        <value output="Hx" input="Hy">-1.084774e-7 -1.212000e-6</value>
        <value output="Hy" input="Hx">-1.084774e-7 1.212000e-6</value>
        <value output="Hy" input="Hy">5.061810e-6 -1.739252e-14</value>
      </T.INVSIGCOV>
      <T.RESIDCOV type="complex" size="1  2">
        <value output="Hz" input="Hz">2.897000e1 0.000000e0</value>
      </T.RESIDCOV>
    </Period>
    <Period value="3120.76196" units="secs">
      <Z type="complex" size="2  2" units="[mV/km]/[nT]">
        <value name="Zxx" output="Ex" input="Hx">8.985358e-2 9.270986e-2</value>
        <value name="Zxy" output="Ex" input="Hy">6.727935e-2 9.422219e-2</value>
        <value name="Zyx" output="Ey" input="Hx">-5.822506e-1 -5.816278e-1</value>
        <value name="Zyy" output="Ey" input="Hy">-7.736358e-2 -5.538986e-2</value>
      </Z>
      <Z.VAR type="real" size="2  2">
        <value name="Zxx" output="Ex" input="Hx">1.532275e-5</value>
        <value name="Zxy" output="Ex" input="Hy">3.149542e-5</value>
        <value name="Zyx" output="Ey" input="Hx">3.634626e-5</value>
        <value name="Zyy" output="Ey" input="Hy">7.470853e-5</value>
      </Z.VAR>
      <Z.INVSIGCOV type="complex" size="2  2">
        <value output="Hx" input="Hx">1.288183e-6 -2.994755e-15</value>
        <value output="Hx" input="Hy">1.459925e-7 -3.801000e-7</value>
        <value output="Hy" input="Hx">1.459925e-7 3.801000e-7</value>
        <value output="Hy" input="Hy">2.647817e-6 -1.706424e-14</value>
      </Z.INVSIGCOV>
      <Z.RESIDCOV type="complex" size="2  2">
        <value output="Ex" input="Ex">2.378972e1 -1.110223e-16</value>
        <value output="Ex" input="Ey">-6.507601e0 -2.775000e0</value>
        <value output="Ey" input="Ex">-6.507601e0 2.775000e0</value>
        <value output="Ey" input="Ey">5.643028e1 0.000000e0</value>
      </Z.RESIDCOV>
      <T type="complex" size="1  2" units="[]">
        <value name="Tx" output="Hz" input="Hx">-3.556344e-3 5.029215e-2</value>
        <value name="Ty" output="Hz" input="Hy">2.769956e-1 1.087240e-1</value>
      </T>
      <T.VAR type="real" size="1  2">
        <value name="Tx" output="Hz" input="Hx">7.716215e-5</value>
        <value name="Ty" output="Hz" input="Hy">1.586043e-4</value>
      </T.VAR>
      <T.INVSIGCOV type="complex" size="1  2">
        <value output="Hx" input="Hx">1.288183e-6 -2.994755e-15</value>
        <value output="Hx" input="Hy">1.459925e-7 -3.801000e-7</value>
        <value output="Hy" input="Hx">1.459925e-7 3.801000e-7</value>
        <value output="Hy" input="Hy">2.647817e-6 -1.706424e-14</value>
      </T.INVSIGCOV>
      <T.RESIDCOV type="complex" size="1  2">
        <value output="Hz" input="Hz">1.198000e2 0.000000e0</value>
      </T.RESIDCOV>
    </Period>
    <Period value="4681.14307" units="secs">
      <Z type="complex" size="2  2" units="[mV/km]/[nT]">
        <value name="Zxx" output="Ex" input="Hx">6.225485e-2 7.520609e-2</value>
        <value name="Zxy" output="Ex" input="Hy">4.678449e-2 6.699116e-2</value>
        <value name="Zyx" output="Ey" input="Hx">-4.437255e-1 -4.842488e-1</value>
        <value name="Zyy" output="Ey" input="Hy">-4.956485e-2 -5.315609e-2</value>
      </Z>
      <Z.VAR type="real" size="2  2">
        <value name="Zxx" output="Ex" input="Hx">2.714295e-5</value>
        <value name="Zxy" output="Ex" input="Hy">2.088238e-5</value>
        <value name="Zyx" output="Ey" input="Hx">5.815850e-5</value>
        <value name="Zyy" output="Ey" input="Hy">4.474415e-5</value>
      </Z.VAR>
      <Z.INVSIGCOV type="complex" size="2  2">
        <value output="Hx" input="Hx">1.027666e-6 1.069535e-16</value>
        <value output="Hx" input="Hy">-4.983258e-8 -1.610000e-7</value>
        <value output="Hy" input="Hx">-4.983258e-8 1.610000e-7</value>
        <value output="Hy" input="Hy">7.906335e-7 2.072046e-15</value>
      </Z.INVSIGCOV>
      <Z.RESIDCOV type="complex" size="2  2">
        <value output="Ex" input="Ex">5.282443e1 0.000000e0</value>
        <value output="Ex" input="Ey">-1.036180e1 2.253000e0</value>
        <value output="Ey" input="Ex">-1.036180e1 -2.253000e0</value>
        <value output="Ey" input="Ey">1.131856e2 0.000000e0</value>
      </Z.RESIDCOV>
      <T type="complex" size="1  2" units="[]">
        <value name="Tx" output="Hz" input="Hx">-8.176624e-3 4.112415e-2</value>
        <value name="Ty" output="Hz" input="Hy">2.423100e-1 7.925042e-2</value>
      </T>
      <T.VAR type="real" size="1  2">
        <value name="Tx" output="Hz" input="Hx">2.709442e-4</value>
        <value name="Ty" output="Hz" input="Hy">2.084505e-4</value>
      </T.VAR>
      <T.INVSIGCOV type="complex" size="1  2">
        <value output="Hx" input="Hx">1.027666e-6 1.069535e-16</value>
        <value output="Hx" input="Hy">-4.983258e-8 -1.610000e-7</value>
        <value output="Hy" input="Hx">-4.983258e-8 1.610000e-7</value>
        <value output="Hy" input="Hy">7.906335e-7 2.072046e-15</value>
      </T.INVSIGCOV>
      <T.RESIDCOV type="complex" size="1  2">
        <value output="Hz" input="Hz">5.273000e2 0.000000e0</value>
      </T.RESIDCOV>
    </Period>
    <Period value="7281.77783" units="secs">
      <Z type="complex" size="2  2" units="[mV/km]/[nT]">
        <value name="Zxx" output="Ex" input="Hx">4.453813e-2 6.597039e-2</value>
        <value name="Zxy" output="Ex" input="Hy">2.383178e-2 4.053548e-2</value>
        <value name="Zyx" output="Ey" input="Hx">-3.039982e-1 -3.933445e-1</value>
        <value name="Zyy" output="Ey" input="Hy">-2.004813e-2 -3.342039e-2</value>
      </Z>
      <Z.VAR type="real" size="2  2">
        <value name="Zxx" output="Ex" input="Hx">7.971724e-5</value>
        <value name="Zxy" output="Ex" input="Hy">7.567491e-5</value>
        <value name="Zyx" output="Ey" input="Hx">1.087937e-4</value>
        <value name="Zyy" output="Ey" input="Hy">1.032769e-4</value>
      </Z.VAR>
      <Z.INVSIGCOV type="complex" size="2  2">
        <value output="Hx" input="Hx">6.340765e-7 -7.839608e-16</value>
        <value output="Hx" input="Hy">1.418739e-7 -2.037000e-7</value>
        <value output="Hy" input="Hx">1.418739e-7 2.037000e-7</value>
        <value output="Hy" input="Hy">6.019235e-7 3.901961e-15</value>
      </Z.INVSIGCOV>
      <Z.RESIDCOV type="complex" size="2  2">
        <value output="Ex" input="Ex">2.514436e2 -5.551115e-17</value>
        <value output="Ex" input="Ey">-5.426055e1 1.159000e0</value>
        <value output="Ey" input="Ex">-5.426055e1 -1.159000e0</value>
        <value output="Ey" input="Ey">3.431564e2 -5.551115e-17</value>
      </Z.RESIDCOV>
      <T type="complex" size="1  2" units="[]">
        <value name="Tx" output="Hz" input="Hx">-1.035508e-1 3.856647e-2</value>
        <value name="Ty" output="Hz" input="Hy">2.309989e-1 5.909284e-2</value>
      </T>
      <T.VAR type="real" size="1  2">
        <value name="Tx" output="Hz" input="Hx">8.366639e-4</value>
        <value name="Ty" output="Hz" input="Hy">7.942381e-4</value>
      </T.VAR>
      <T.INVSIGCOV type="complex" size="1  2">
        <value output="Hx" input="Hx">6.340765e-7 -7.839608e-16</value>
        <value output="Hx" input="Hy">1.418739e-7 -2.037000e-7</value>
        <value output="Hy" input="Hx">1.418739e-7 2.037000e-7</value>
        <value output="Hy" input="Hy">6.019235e-7 3.901961e-15</value>
      </T.INVSIGCOV>
      <T.RESIDCOV type="complex" size="1  2">
        <value output="Hz" input="Hz">2.639000e3 0.000000e0</value>
      </T.RESIDCOV>
    </Period>
    <Period value="11915.63672" units="secs">
      <Z type="complex" size="2  2" units="[mV/km]/[nT]">
        <value name="Zxx" output="Ex" input="Hx">5.371185e-2 6.083727e-2</value>
        <value name="Zxy" output="Ex" input="Hy">1.677152e-2 4.455279e-2</value>
        <value name="Zyx" output="Ey" input="Hx">-2.142985e-1 -3.063572e-1</value>
        <value name="Zyy" output="Ey" input="Hy">-6.909853e-3 -2.615071e-2</value>
      </Z>
      <Z.VAR type="real" size="2  2">
        <value name="Zxx" output="Ex" input="Hx">1.892834e-4</value>
        <value name="Zxy" output="Ex" input="Hy">1.646471e-4</value>
        <value name="Zyx" output="Ey" input="Hx">2.587734e-4</value>
        <value name="Zyy" output="Ey" input="Hy">2.250926e-4</value>
      </Z.VAR>
      <Z.INVSIGCOV type="complex" size="2  2">
        <value output="Hx" input="Hx">7.178673e-7 -1.109293e-16</value>
        <value output="Hx" input="Hy">1.340448e-7 -1.686000e-7</value>
        <value output="Hy" input="Hx">1.340448e-7 1.686000e-7</value>
        <value output="Hy" input="Hy">6.244327e-7 -2.149071e-15</value>
      </Z.INVSIGCOV>
      <Z.RESIDCOV type="complex" size="2  2">
        <value output="Ex" input="Ex">5.273494e2 0.000000e0</value>
        <value output="Ex" input="Ey">-2.580991e1 -8.644000e1</value>
        <value output="Ey" input="Ex">-2.580991e1 8.644000e1</value>
        <value output="Ey" input="Ey">7.209506e2 0.000000e0</value>
      </Z.RESIDCOV>
      <T type="complex" size="1  2" units="[]">
        <value name="Tx" output="Hz" input="Hx">-1.659568e-1 1.609151e-2</value>
        <value name="Ty" output="Hz" input="Hy">2.046174e-1 8.399232e-2</value>
      </T>
      <T.VAR type="real" size="1  2">
        <value name="Tx" output="Hz" input="Hx">4.282078e-3</value>
        <value name="Ty" output="Hz" input="Hy">3.724741e-3</value>
      </T.VAR>
      <T.INVSIGCOV type="complex" size="1  2">
        <value output="Hx" input="Hx">7.178673e-7 -1.109293e-16</value>
        <value output="Hx" input="Hy">1.340448e-7 -1.686000e-7</value>
        <value output="Hy" input="Hx">1.340448e-7 1.686000e-7</value>
        <value output="Hy" input="Hy">6.244327e-7 -2.149071e-15</value>
      </T.INVSIGCOV>
      <T.RESIDCOV type="complex" size="1  2">
        <value output="Hz" input="Hz">1.193000e4 0.000000e0</value>
      </T.RESIDCOV>
    </Period>
    <Period value="18724.57227" units="secs">
      <Z type="complex" size="2  2" units="[mV/km]/[nT]">
        <value name="Zxx" output="Ex" input="Hx">-3.023090e-2 8.041000e-2</value>
        <value name="Zxy" output="Ex" input="Hy">3.149696e-2 -8.347244e-2</value>
        <value name="Zyx" output="Ey" input="Hx">-1.389230e-1 -2.368424e-1</value>
        <value name="Zyy" output="Ey" input="Hy">-2.861010e-2 -4.354600e-2</value>
      </Z>
      <Z.VAR type="real" size="2  2">
        <value name="Zxx" output="Ex" input="Hx">2.177532e-3</value>
        <value name="Zxy" output="Ex" input="Hy">3.137010e-3</value>
        <value name="Zyx" output="Ey" input="Hx">3.370591e-4</value>
        <value name="Zyy" output="Ey" input="Hy">4.855762e-4</value>
      </Z.VAR>
      <Z.INVSIGCOV type="complex" size="2  2">
        <value output="Hx" input="Hx">3.905555e-7 2.643748e-15</value>
        <value output="Hx" input="Hy">6.890734e-10 2.044000e-7</value>
        <value output="Hy" input="Hx">6.890734e-10 -2.044000e-7</value>
        <value output="Hy" input="Hy">5.626445e-7 1.169252e-15</value>
      </Z.INVSIGCOV>
      <Z.RESIDCOV type="complex" size="2  2">
        <value output="Ex" input="Ex">1.115095e4 0.000000e0</value>
        <value output="Ex" input="Ey">2.156190e3 -6.307000e2</value>
        <value output="Ey" input="Ex">2.156190e3 6.307000e2</value>
        <value output="Ey" input="Ey">1.726050e3 0.000000e0</value>
      </Z.RESIDCOV>
      <T type="complex" size="1  2" units="[]">
        <value name="Tx" output="Hz" input="Hx">-1.488906e-1 -7.690761e-2</value>
        <value name="Ty" output="Hz" input="Hy">3.902105e-1 3.961047e-1</value>
      </T>
      <T.VAR type="real" size="1  2">
        <value name="Tx" output="Hz" input="Hx">7.594351e-3</value>
        <value name="Ty" output="Hz" input="Hy">1.094062e-2</value>
      </T.VAR>
      <T.INVSIGCOV type="complex" size="1  2">
        <value output="Hx" input="Hx">3.905555e-7 2.643748e-15</value>
        <value output="Hx" input="Hy">6.890734e-10 2.044000e-7</value>
        <value output="Hy" input="Hx">6.890734e-10 -2.044000e-7</value>
        <value output="Hy" input="Hy">5.626445e-7 1.169252e-15</value>
      </T.INVSIGCOV>
      <T.RESIDCOV type="complex" size="1  2">
        <value output="Hz" input="Hz">3.889000e4 0.000000e0</value>
      </T.RESIDCOV>
    </Period>
  </Data>
  <PeriodRange min="7.31429" max="18724.57227"/>
</EM_TF>
