<?xml version="1.0" encoding="UTF-8"?>
<EM_TF>
  <Description>Magnetotelluric Transfer Functions</Description>
  <ProductId>YSRP.SR264.2003-2004</ProductId>
  <SubType>MT_TF</SubType>
  <Notes/>
  <Tags>impedance,tipper</Tags>
  <ExternalUrl>
    <Description>IRIS DMC MetaData</Description>
    <Url>http://www.iris.edu/mda/EM/SR264</Url>
  </ExternalUrl>
  <PrimaryData>
    <Filename>sr264de_255.png</Filename>
    <GroupKey>0</GroupKey>
    <OrderKey>0</OrderKey>
  </PrimaryData>
  <Attachment>
    <Filename>sr264de_255.zrr</Filename>
    <Description>The original used to produce the XML</Description>
  </Attachment>
  <Provenance>
    <CreateTime>2013-08-12T11:27:25</CreateTime>
    <CreatingApplication>EMTF File Conversion Utilities 3.0</CreatingApplication>
    <Creator>
      <Name>Gary Egbert and Anna Kelbert</Name>
      <Email>egbert@coas.oregonstate.edu</Email>
      <Org>Oregon State University</Org>
      <OrgUrl>http://oregonstate.edu</OrgUrl>
    </Creator>
    <Submitter>
      <Name>Anna Kelbert</Name>
      <Email>anya@coas.oregonstate.edu</Email>
      <Org>Oregon State University</Org>
      <OrgUrl>http://oregonstate.edu</OrgUrl>
    </Submitter>
  </Provenance>
  <Copyright>
    <Citation>
      <Title>Deep Magnetotelluric Sounding along the Yellowstone-Snake River hotspot track</Title>
      <Authors>Catherine deGroot-Hedlin, Steven Constable, Karen Weitemeyer</Authors>
      <Year>2003-2004</Year>
    </Citation>
    <ReleaseStatus>Unrestricted Release</ReleaseStatus>
    <ConditionsOfUse> All data and metadata for this survey are available free of charge
and may be copied freely, duplicated and further distributed provided
this data set is cited as the reference.
 While the author(s) strive to provide data and metadata of best possible
quality, neither the author(s) of this data set, not IRIS make any claims,
promises, or guarantees about the accuracy, completeness, or adequacy
of this information, and expressly disclaim liability for errors and
omissions in the contents of this file.
 Guidelines about the quality or limitations of the data and metadata, as
obtained from the author(s), are included for informational purposes only.</ConditionsOfUse>
  </Copyright>
  <Site>
    <Project>YSRP</Project>
    <Survey>Yellowstone-Snake River Plain</Survey>
    <YearCollected>2003-2004</YearCollected>
    <Country>USA</Country>
    <Id>SR264</Id>
    <Name>Snake River Plain, ID, USA</Name>
    <Location datum="WGS84">
      <Latitude>42.886000</Latitude>
      <Longitude>-112.212900</Longitude>
      <Elevation units="meters">1811.900</Elevation>
      <Declination epoch="1995.0">14.400</Declination>
    </Location>
    <AcquiredBy>UCSD/Catherine deGroot-Hedlin</AcquiredBy>
    <Start>2003-07-14T03:01:47</Start>
    <End>2003-07-27T20:33:50</End>
    <RunList>SR264d SR264e</RunList>
    <DataQualityNotes>
      <Rating>5</Rating>
      <GoodFromPeriod>10.000</GoodFromPeriod>
      <GoodToPeriod>20000.000</GoodToPeriod>
      <Comments author="Gary Egbert and Anna Kelbert">great TF from 10 to 10000 secs (or longer)</Comments>
    </DataQualityNotes>
    <DataQualityWarnings>
      <Flag>0</Flag>
      <Comments author="Gary Egbert and Anna Kelbert"></Comments>
    </DataQualityWarnings>
  </Site>
  <FieldNotes run="SR264d">
    <Instrument>
      <Manufacturer>Barry Narod</Manufacturer>
      <Name>NIMS</Name>
      <Id>2106-10H</Id>
      <Settings/>
    </Instrument>
    <Magnetometer type="fluxgate">
      <Manufacturer>Barry Narod</Manufacturer>
      <Name>NIMS</Name>
      <Id>2106-10</Id>
      <Settings/>
    </Magnetometer>
    <Dipole name="Ex" type="wire">
      <Manufacturer>Oregon State University</Manufacturer>
      <Length units="meters">89.900</Length>
      <Azimuth units="degrees">14.400</Azimuth>
      <Electrode location="N" number="">Pb-PbCl2 kaolin gel Petiau 2 chamber type</Electrode>
      <Electrode location="S" number="">Pb-PbCl2 kaolin gel Petiau 2 chamber type</Electrode>
    </Dipole>
    <Dipole name="Ey" type="wire">
      <Manufacturer>Oregon State University</Manufacturer>
      <Length units="meters">86.400</Length>
      <Azimuth units="degrees">104.400</Azimuth>
      <Electrode location="E" number="">Pb-PbCl2 kaolin gel Petiau 2 chamber type</Electrode>
      <Electrode location="W" number="">Pb-PbCl2 kaolin gel Petiau 2 chamber type</Electrode>
    </Dipole>
    <Errors>ASCII header not written. No input GPS string.</Errors>
    <SamplingRate units="Hz">4.000</SamplingRate>
    <Start>2003-07-14T03:01:47</Start>
    <End>2003-07-18T22:42:40</End>
  </FieldNotes>
  <FieldNotes run="SR264e">
    <Instrument>
      <Manufacturer>Barry Narod</Manufacturer>
      <Name>NIMS</Name>
      <Id>2106-10H</Id>
      <Settings/>
    </Instrument>
    <Magnetometer type="fluxgate">
      <Manufacturer>Barry Narod</Manufacturer>
      <Name>NIMS</Name>
      <Id>2106-10</Id>
      <Settings/>
    </Magnetometer>
    <Dipole name="Ex" type="wire">
      <Manufacturer>Oregon State University</Manufacturer>
      <Length units="meters">89.900</Length>
      <Azimuth units="degrees">14.400</Azimuth>
      <Electrode location="N" number="">Pb-PbCl2 kaolin gel Petiau 2 chamber type</Electrode>
      <Electrode location="S" number="">Pb-PbCl2 kaolin gel Petiau 2 chamber type</Electrode>
    </Dipole>
    <Dipole name="Ey" type="wire">
      <Manufacturer>Oregon State University</Manufacturer>
      <Length units="meters">86.400</Length>
      <Azimuth units="degrees">104.400</Azimuth>
      <Electrode location="E" number="">Pb-PbCl2 kaolin gel Petiau 2 chamber type</Electrode>
      <Electrode location="W" number="">Pb-PbCl2 kaolin gel Petiau 2 chamber type</Electrode>
    </Dipole>
    <Errors>ASCII header not written. No input GPS string.</Errors>
    <SamplingRate units="Hz">4.000</SamplingRate>
    <Start>2003-07-18T23:09:16</Start>
    <End>2003-07-27T20:33:50</End>
  </FieldNotes>
  <ProcessingInfo>
    <SignConvention>exp(+ i\omega t)</SignConvention>
    <RemoteRef type="Robust Remote Reference"/>
    <RemoteInfo>
      <Site>
        <Project>YSRP</Project>
        <Survey>Yellowstone-Snake River Plain</Survey>
        <YearCollected>2003-2004</YearCollected>
        <Country>USA</Country>
        <Id>SR255</Id>
        <Name>Snake River Plain, ID, USA</Name>
        <Location datum="WGS84">
          <Latitude>43.129400</Latitude>
          <Longitude>-112.474700</Longitude>
          <Elevation units="meters">1358.100</Elevation>
        </Location>
      </Site>
      <FieldNotes run="SR255d">
        <Instrument>
          <Manufacturer>Barry Narod</Manufacturer>
          <Name>NIMS</Name>
          <Id>2106-7H</Id>
          <Settings/>
        </Instrument>
        <Dipole name="Ex">
          <Length units="meters">90.100</Length>
        </Dipole>
        <Dipole name="Ey">
          <Length units="meters">89.900</Length>
        </Dipole>
        <Comments author="">high ac voltage 60</Comments>
        <Errors>ASCII header not written. No input GPS string.</Errors>
        <SamplingRate units="Hz">4.000</SamplingRate>
        <Start>2003-07-11T23:43:53</Start>
        <End>2003-07-16T22:33:23</End>
      </FieldNotes>
      <FieldNotes run="SR255e">
        <Instrument>
          <Manufacturer>Barry Narod</Manufacturer>
          <Name>NIMS</Name>
          <Id>2106-7H</Id>
          <Settings/>
        </Instrument>
        <Dipole name="Ex">
          <Length units="meters">90.100</Length>
        </Dipole>
        <Dipole name="Ey">
          <Length units="meters">89.900</Length>
        </Dipole>
        <Comments author="">&#194;&#139;V</Comments>
        <Errors>ASCII header not written. No input GPS string.</Errors>
        <SamplingRate units="Hz">4.000</SamplingRate>
        <Start>2003-07-16T22:54:30</Start>
        <End>2003-07-27T22:33:10</End>
      </FieldNotes>
    </RemoteInfo>
    <ProcessedBy>Gary Egbert and Anna Kelbert</ProcessedBy>
    <ProcessingSoftware>
      <Name>EMTF</Name>
      <LastMod>2008-06-28</LastMod>
      <Author>Gary Egbert</Author>
    </ProcessingSoftware>
    <ProcessingTag>sr264de_255</ProcessingTag>
  </ProcessingInfo>
  <StatisticalEstimates>
    <Estimate name="VAR" type="real">
      <Description>Variance</Description>
      <ExternalUrl>http://www.iris.edu/dms/products/emtf/variance.html</ExternalUrl>
      <Intention>error estimate</Intention>
      <Tag>variance</Tag>
    </Estimate>
    <Estimate name="COV" type="complex">
      <Description>Full covariance between each two TF components</Description>
      <ExternalUrl>http://www.iris.edu/dms/products/emtf/covariance.html</ExternalUrl>
      <Intention>error estimate</Intention>
      <Tag>covariance</Tag>
    </Estimate>
    <Estimate name="INVSIGCOV" type="complex">
      <Description>Inverse Coherent Signal Power Matrix (S)</Description>
      <ExternalUrl>http://www.iris.edu/dms/products/emtf/inverse_signal_covariance.html</ExternalUrl>
      <Intention>signal power estimate</Intention>
      <Tag>inverse_signal_covariance</Tag>
    </Estimate>
    <Estimate name="RESIDCOV" type="complex">
      <Description>Residual Covariance (N)</Description>
      <ExternalUrl>http://www.iris.edu/dms/products/emtf/residual_covariance.html</ExternalUrl>
      <Intention>error estimate</Intention>
      <Tag>residual_covariance</Tag>
    </Estimate>
    <Estimate name="COH" type="complex">
      <Description>Coherence</Description>
      <ExternalUrl>http://www.iris.edu/dms/products/emtf/coherence.html</ExternalUrl>
      <Intention>signal coherence</Intention>
      <Tag>coherence</Tag>
    </Estimate>
    <Estimate name="PREDCOH" type="complex">
      <Description>Multiple Coherence</Description>
      <ExternalUrl>http://www.iris.edu/dms/products/emtf/multiple_coherence.html</ExternalUrl>
      <Intention>signal coherence</Intention>
      <Tag>multiple_coherence</Tag>
    </Estimate>
    <Estimate name="SIGAMP" type="complex">
      <Description>Signal Amplitude</Description>
      <ExternalUrl>http://www.iris.edu/dms/products/emtf/signal_amplitude.html</ExternalUrl>
      <Intention>signal power estimate</Intention>
      <Tag>signal_amplitude</Tag>
    </Estimate>
    <Estimate name="SIGNOISE" type="complex">
      <Description>Signal Noise</Description>
      <ExternalUrl>http://www.iris.edu/dms/products/emtf/signal_noise.html</ExternalUrl>
      <Intention>error estimate</Intention>
      <Tag>signal_noise</Tag>
    </Estimate>
  </StatisticalEstimates>
  <DataTypes>
    <DataType name="Z" type="complex" output="E" input="H" units="[mV/km]/[nT]">
      <Description>MT impedance</Description>
      <ExternalUrl>http://www.iris.edu/dms/products/emtf/impedance.html</ExternalUrl>
      <Intention>primary data type</Intention>
      <Tag>impedance</Tag>
    </DataType>
    <DataType name="T" type="complex" output="H" input="H" units="[]">
      <Description>Vertical Field Transfer Functions (Tipper)</Description>
      <ExternalUrl>http://www.iris.edu/dms/products/emtf/tipper.html</ExternalUrl>
      <Intention>primary data type</Intention>
      <Tag>tipper</Tag>
    </DataType>
  </DataTypes>
  <InputChannels ref="site" units="m">
    <Magnetic name="Hx" orientation="0.0" x="0.0" y="0.0" z="0.0"/>
    <Magnetic name="Hy" orientation="90.0" x="0.0" y="0.0" z="0.0"/>
  </InputChannels>
  <OutputChannels ref="site" units="m">
    <Magnetic name="Hz" orientation="0.0" x="0.0" y="0.0" z="0.0"/>
    <Electric name="Ex" orientation="0.0" x="-45.0" y="0.0" z="0.0" x2="45.0" y2="0.0" z2="0.0"/>
    <Electric name="Ey" orientation="90.0" x="0.0" y="-43.2" z="0.0" x2="0.0" y2="43.2" z2="0.0"/>
  </OutputChannels>
  <Data count="30">
    <Period value="7.31429" units="secs">
      <Z type="complex" size="2  2" units="[mV/km]/[nT]">
        <value name="Zxx" output="Ex" input="Hx">6.816829e0 6.900915e0</value>
        <value name="Zxy" output="Ex" input="Hy">4.108134e1 3.058962e1</value>
        <value name="Zyx" output="Ey" input="Hx">-1.122866e1 -1.127038e1</value>
        <value name="Zyy" output="Ey" input="Hy">-4.786829e0 -1.255915e0</value>
      </Z>
      <Z.VAR type="real" size="2  2">
        <value name="Zxx" output="Ex" input="Hx">7.386228e-6</value>
        <value name="Zxy" output="Ex" input="Hy">1.092361e-5</value>
        <value name="Zyx" output="Ey" input="Hx">7.571595e-7</value>
        <value name="Zyy" output="Ey" input="Hy">1.119775e-6</value>
      </Z.VAR>
      <Z.INVSIGCOV type="complex" size="2  2">
        <value output="Hx" input="Hx">4.843650e-2 -1.807159e-11</value>
        <value output="Hx" input="Hy">-1.874642e-2 1.048000e-2</value>
        <value output="Hy" input="Hx">-1.874642e-2 -1.048000e-2</value>
        <value output="Hy" input="Hy">7.163350e-2 -2.741284e-10</value>
      </Z.INVSIGCOV>
      <Z.RESIDCOV type="complex" size="2  2">
        <value output="Ex" input="Ex">3.049860e-4 4.235165e-22</value>
        <value output="Ex" input="Ey">-4.412464e-5 -9.507000e-6</value>
        <value output="Ey" input="Ex">-4.412464e-5 9.507000e-6</value>
        <value output="Ey" input="Ey">3.126400e-5 0.000000e0</value>
      </Z.RESIDCOV>
      <T type="complex" size="1  2" units="[]">
        <value name="Tx" output="Hz" input="Hx">-1.718646e-1 -6.647145e-2</value>
        <value name="Ty" output="Hz" input="Hy">8.028119e-2 1.307778e-1</value>
      </T>
      <T.VAR type="real" size="1  2">
        <value name="Tx" output="Hz" input="Hx">3.288838e-9</value>
        <value name="Ty" output="Hz" input="Hy">4.863914e-9</value>
      </T.VAR>
      <T.INVSIGCOV type="complex" size="1  2">
        <value output="Hx" input="Hx">4.843650e-2 -1.807159e-11</value>
        <value output="Hx" input="Hy">-1.874642e-2 1.048000e-2</value>
        <value output="Hy" input="Hx">-1.874642e-2 -1.048000e-2</value>
        <value output="Hy" input="Hy">7.163350e-2 -2.741284e-10</value>
      </T.INVSIGCOV>
      <T.RESIDCOV type="complex" size="1  2">
        <value output="Hz" input="Hz">1.358000e-7 0.000000e0</value>
      </T.RESIDCOV>
    </Period>
    <Period value="9.14286" units="secs">
      <Z type="complex" size="2  2" units="[mV/km]/[nT]">
        <value name="Zxx" output="Ex" input="Hx">5.310745e0 6.699491e0</value>
        <value name="Zxy" output="Ex" input="Hy">3.500924e1 3.030991e1</value>
        <value name="Zyx" output="Ey" input="Hx">-9.030760e0 -1.069009e1</value>
        <value name="Zyy" output="Ey" input="Hy">-4.040745e0 -1.796491e0</value>
      </Z>
      <Z.VAR type="real" size="2  2">
        <value name="Zxx" output="Ex" input="Hx">5.686209e-5</value>
        <value name="Zxy" output="Ex" input="Hy">8.581460e-5</value>
        <value name="Zyx" output="Ey" input="Hx">5.693011e-6</value>
        <value name="Zyy" output="Ey" input="Hy">8.591726e-6</value>
      </Z.VAR>
      <Z.INVSIGCOV type="complex" size="2  2">
        <value output="Hx" input="Hx">1.990299e-2 -5.421011e-20</value>
        <value output="Hx" input="Hy">-7.596712e-3 1.148000e-3</value>
        <value output="Hy" input="Hx">-7.596712e-3 -1.148000e-3</value>
        <value output="Hy" input="Hy">3.003701e-2 0.000000e0</value>
      </Z.INVSIGCOV>
      <Z.RESIDCOV type="complex" size="2  2">
        <value output="Ex" input="Ex">5.713924e-3 0.000000e0</value>
        <value output="Ex" input="Ey">-8.301294e-4 -1.341000e-4</value>
        <value output="Ey" input="Ex">-8.301294e-4 1.341000e-4</value>
        <value output="Ey" input="Ey">5.720760e-4 -6.776264e-21</value>
      </Z.RESIDCOV>
      <T type="complex" size="1  2" units="[]">
        <value name="Tx" output="Hz" input="Hx">-1.826695e-1 -8.157480e-2</value>
        <value name="Ty" output="Hz" input="Hy">5.923284e-2 1.296875e-1</value>
      </T>
      <T.VAR type="real" size="1  2">
        <value name="Tx" output="Hz" input="Hx">3.047148e-8</value>
        <value name="Ty" output="Hz" input="Hy">4.598666e-8</value>
      </T.VAR>
      <T.INVSIGCOV type="complex" size="1  2">
        <value output="Hx" input="Hx">1.990299e-2 -5.421011e-20</value>
        <value output="Hx" input="Hy">-7.596712e-3 1.148000e-3</value>
        <value output="Hy" input="Hx">-7.596712e-3 -1.148000e-3</value>
        <value output="Hy" input="Hy">3.003701e-2 0.000000e0</value>
      </T.INVSIGCOV>
      <T.RESIDCOV type="complex" size="1  2">
        <value output="Hz" input="Hz">3.062000e-6 0.000000e0</value>
      </T.RESIDCOV>
    </Period>
    <Period value="11.63636" units="secs">
      <Z type="complex" size="2  2" units="[mV/km]/[nT]">
        <value name="Zxx" output="Ex" input="Hx">3.509523e0 6.369807e0</value>
        <value name="Zxy" output="Ex" input="Hy">2.879389e1 2.855762e1</value>
        <value name="Zyx" output="Ey" input="Hx">-6.874113e0 -9.682379e0</value>
        <value name="Zyy" output="Ey" input="Hy">-3.208523e0 -2.141807e0</value>
      </Z>
      <Z.VAR type="real" size="2  2">
        <value name="Zxx" output="Ex" input="Hx">2.396834e-5</value>
        <value name="Zxy" output="Ex" input="Hy">3.040358e-5</value>
        <value name="Zyx" output="Ey" input="Hx">2.350194e-6</value>
        <value name="Zyy" output="Ey" input="Hy">2.981196e-6</value>
      </Z.VAR>
      <Z.INVSIGCOV type="complex" size="2  2">
        <value output="Hx" input="Hx">8.803656e-3 -1.476980e-11</value>
        <value output="Hx" input="Hy">-2.343194e-3 -1.334000e-4</value>
        <value output="Hy" input="Hx">-2.343194e-3 1.334000e-4</value>
        <value output="Hy" input="Hy">1.116734e-2 -3.432020e-11</value>
      </Z.INVSIGCOV>
      <Z.RESIDCOV type="complex" size="2  2">
        <value output="Ex" input="Ex">5.445087e-3 0.000000e0</value>
        <value output="Ex" input="Ey">-7.417632e-4 -1.006000e-4</value>
        <value output="Ey" input="Ex">-7.417632e-4 1.006000e-4</value>
        <value output="Ey" input="Ey">5.339132e-4 -3.388132e-21</value>
      </Z.RESIDCOV>
      <T type="complex" size="1  2" units="[]">
        <value name="Tx" output="Hz" input="Hx">-1.569072e-1 -9.094128e-2</value>
        <value name="Ty" output="Hz" input="Hy">3.368710e-2 9.217982e-2</value>
      </T>
      <T.VAR type="real" size="1  2">
        <value name="Tx" output="Hz" input="Hx">1.584658e-8</value>
        <value name="Ty" output="Hz" input="Hy">2.010122e-8</value>
      </T.VAR>
      <T.INVSIGCOV type="complex" size="1  2">
        <value output="Hx" input="Hx">8.803656e-3 -1.476980e-11</value>
        <value output="Hx" input="Hy">-2.343194e-3 -1.334000e-4</value>
        <value output="Hy" input="Hx">-2.343194e-3 1.334000e-4</value>
        <value output="Hy" input="Hy">1.116734e-2 -3.432020e-11</value>
      </T.INVSIGCOV>
      <T.RESIDCOV type="complex" size="1  2">
        <value output="Hz" input="Hz">3.600000e-6 0.000000e0</value>
      </T.RESIDCOV>
    </Period>
    <Period value="15.05882" units="secs">
      <Z type="complex" size="2  2" units="[mV/km]/[nT]">
        <value name="Zxx" output="Ex" input="Hx">1.955081e0 5.168570e0</value>
        <value name="Zxy" output="Ex" input="Hy">2.315782e1 2.628991e1</value>
        <value name="Zyx" output="Ey" input="Hx">-5.158185e0 -8.330088e0</value>
        <value name="Zyy" output="Ey" input="Hy">-2.423081e0 -2.134570e0</value>
      </Z>
      <Z.VAR type="real" size="2  2">
        <value name="Zxx" output="Ex" input="Hx">2.261746e-3</value>
        <value name="Zxy" output="Ex" input="Hy">2.373955e-3</value>
        <value name="Zyx" output="Ey" input="Hx">2.097374e-4</value>
        <value name="Zyy" output="Ey" input="Hy">2.201428e-4</value>
      </Z.VAR>
      <Z.INVSIGCOV type="complex" size="2  2">
        <value output="Hx" input="Hx">6.338762e-3 -5.880620e-12</value>
        <value output="Hx" input="Hy">1.201668e-5 4.782000e-4</value>
        <value output="Hy" input="Hx">1.201668e-5 -4.782000e-4</value>
        <value output="Hy" input="Hy">6.653238e-3 3.141762e-11</value>
      </Z.INVSIGCOV>
      <Z.RESIDCOV type="complex" size="2  2">
        <value output="Ex" input="Ex">7.136239e-1 0.000000e0</value>
        <value output="Ex" input="Ey">-8.506707e-2 -1.090000e-2</value>
        <value output="Ey" input="Ex">-8.506707e-2 1.090000e-2</value>
        <value output="Ey" input="Ey">6.617614e-2 0.000000e0</value>
      </Z.RESIDCOV>
      <T type="complex" size="1  2" units="[]">
        <value name="Tx" output="Hz" input="Hx">-1.338388e-1 -8.775438e-2</value>
        <value name="Ty" output="Hz" input="Hy">2.064421e-2 8.608075e-2</value>
      </T>
      <T.VAR type="real" size="1  2">
        <value name="Tx" output="Hz" input="Hx">1.798941e-6</value>
        <value name="Ty" output="Hz" input="Hy">1.888189e-6</value>
      </T.VAR>
      <T.INVSIGCOV type="complex" size="1  2">
        <value output="Hx" input="Hx">6.338762e-3 -5.880620e-12</value>
        <value output="Hx" input="Hy">1.201668e-5 4.782000e-4</value>
        <value output="Hy" input="Hx">1.201668e-5 -4.782000e-4</value>
        <value output="Hy" input="Hy">6.653238e-3 3.141762e-11</value>
      </T.INVSIGCOV>
      <T.RESIDCOV type="complex" size="1  2">
        <value output="Hz" input="Hz">5.676000e-4 0.000000e0</value>
      </T.RESIDCOV>
    </Period>
    <Period value="19.69231" units="secs">
      <Z type="complex" size="2  2" units="[mV/km]/[nT]">
        <value name="Zxx" output="Ex" input="Hx">8.995987e-1 4.133881e0</value>
        <value name="Zxy" output="Ex" input="Hy">1.794706e1 2.311717e1</value>
        <value name="Zyx" output="Ey" input="Hx">-3.764943e0 -7.001831e0</value>
        <value name="Zyy" output="Ey" input="Hy">-1.715599e0 -2.053881e0</value>
      </Z>
      <Z.VAR type="real" size="2  2">
        <value name="Zxx" output="Ex" input="Hx">8.815389e-4</value>
        <value name="Zxy" output="Ex" input="Hy">8.067397e-4</value>
        <value name="Zyx" output="Ey" input="Hx">8.671753e-5</value>
        <value name="Zyy" output="Ey" input="Hy">7.935948e-5</value>
      </Z.VAR>
      <Z.INVSIGCOV type="complex" size="2  2">
        <value output="Hx" input="Hx">2.365351e-3 5.200327e-12</value>
        <value output="Hx" input="Hy">-4.023051e-6 7.082000e-5</value>
        <value output="Hy" input="Hx">-4.023051e-6 -7.082000e-5</value>
        <value output="Hy" input="Hy">2.164649e-3 -1.158533e-11</value>
      </Z.INVSIGCOV>
      <Z.RESIDCOV type="complex" size="2  2">
        <value output="Ex" input="Ex">7.453769e-1 -2.168404e-19</value>
        <value output="Ex" input="Ey">-8.035754e-2 -6.920000e-3</value>
        <value output="Ey" input="Ex">-8.035754e-2 6.920000e-3</value>
        <value output="Ey" input="Ey">7.332318e-2 0.000000e0</value>
      </Z.RESIDCOV>
      <T type="complex" size="1  2" units="[]">
        <value name="Tx" output="Hz" input="Hx">-1.124745e-1 -8.377089e-2</value>
        <value name="Ty" output="Hz" input="Hy">5.665239e-4 5.689446e-2</value>
      </T>
      <T.VAR type="real" size="1  2">
        <value name="Tx" output="Hz" input="Hx">8.996612e-7</value>
        <value name="Ty" output="Hz" input="Hy">8.233243e-7</value>
      </T.VAR>
      <T.INVSIGCOV type="complex" size="1  2">
        <value output="Hx" input="Hx">2.365351e-3 5.200327e-12</value>
        <value output="Hx" input="Hy">-4.023051e-6 7.082000e-5</value>
        <value output="Hy" input="Hx">-4.023051e-6 -7.082000e-5</value>
        <value output="Hy" input="Hy">2.164649e-3 -1.158533e-11</value>
      </T.INVSIGCOV>
      <T.RESIDCOV type="complex" size="1  2">
        <value output="Hz" input="Hz">7.607000e-4 0.000000e0</value>
      </T.RESIDCOV>
    </Period>
    <Period value="25.60000" units="secs">
      <Z type="complex" size="2  2" units="[mV/km]/[nT]">
        <value name="Zxx" output="Ex" input="Hx">1.472605e-1 3.024783e0</value>
        <value name="Zxy" output="Ex" input="Hy">1.417916e1 2.053813e1</value>
        <value name="Zyx" output="Ey" input="Hx">-2.823840e0 -5.925870e0</value>
        <value name="Zyy" output="Ey" input="Hy">-1.251260e0 -1.850783e0</value>
      </Z>
      <Z.VAR type="real" size="2  2">
        <value name="Zxx" output="Ex" input="Hx">6.328062e-4</value>
        <value name="Zxy" output="Ex" input="Hy">5.601851e-4</value>
        <value name="Zyx" output="Ey" input="Hx">6.109320e-5</value>
        <value name="Zyy" output="Ey" input="Hy">5.408212e-5</value>
      </Z.VAR>
      <Z.INVSIGCOV type="complex" size="2  2">
        <value output="Hx" input="Hx">1.583884e-3 2.671781e-12</value>
        <value output="Hx" input="Hy">-2.416552e-5 5.797000e-6</value>
        <value output="Hy" input="Hx">-2.416552e-5 -5.797000e-6</value>
        <value output="Hy" input="Hy">1.402116e-3 1.875219e-12</value>
      </Z.INVSIGCOV>
      <Z.RESIDCOV type="complex" size="2  2">
        <value output="Ex" input="Ex">7.990565e-1 -2.168404e-19</value>
        <value output="Ex" input="Ey">-7.349928e-2 -4.164000e-3</value>
        <value output="Ey" input="Ex">-7.349928e-2 4.164000e-3</value>
        <value output="Ey" input="Ey">7.714355e-2 -2.168404e-19</value>
      </Z.RESIDCOV>
      <T type="complex" size="1  2" units="[]">
        <value name="Tx" output="Hz" input="Hx">-1.102965e-1 -7.959526e-2</value>
        <value name="Ty" output="Hz" input="Hy">1.332227e-3 3.335331e-2</value>
      </T>
      <T.VAR type="real" size="1  2">
        <value name="Tx" output="Hz" input="Hx">8.616326e-7</value>
        <value name="Ty" output="Hz" input="Hy">7.627514e-7</value>
      </T.VAR>
      <T.INVSIGCOV type="complex" size="1  2">
        <value output="Hx" input="Hx">1.583884e-3 2.671781e-12</value>
        <value output="Hx" input="Hy">-2.416552e-5 5.797000e-6</value>
        <value output="Hy" input="Hx">-2.416552e-5 -5.797000e-6</value>
        <value output="Hy" input="Hy">1.402116e-3 1.875219e-12</value>
      </T.INVSIGCOV>
      <T.RESIDCOV type="complex" size="1  2">
        <value output="Hz" input="Hz">1.088000e-3 0.000000e0</value>
      </T.RESIDCOV>
    </Period>
    <Period value="33.03226" units="secs">
      <Z type="complex" size="2  2" units="[mV/km]/[nT]">
        <value name="Zxx" output="Ex" input="Hx">9.936526e-2 2.115878e0</value>
        <value name="Zxy" output="Ex" input="Hy">1.104601e1 1.763249e1</value>
        <value name="Zyx" output="Ey" input="Hx">-2.072988e0 -4.923507e0</value>
        <value name="Zyy" output="Ey" input="Hy">-8.183653e-1 -1.605878e0</value>
      </Z>
      <Z.VAR type="real" size="2  2">
        <value name="Zxx" output="Ex" input="Hx">4.497225e-4</value>
        <value name="Zxy" output="Ex" input="Hy">6.051811e-4</value>
        <value name="Zyx" output="Ey" input="Hx">4.488992e-5</value>
        <value name="Zyy" output="Ey" input="Hy">6.040732e-5</value>
      </Z.VAR>
      <Z.INVSIGCOV type="complex" size="2  2">
        <value output="Hx" input="Hx">8.765062e-4 2.776969e-12</value>
        <value output="Hx" input="Hy">1.402177e-5 -7.017000e-5</value>
        <value output="Hy" input="Hx">1.402177e-5 7.017000e-5</value>
        <value output="Hy" input="Hy">1.179494e-3 9.776031e-12</value>
      </Z.INVSIGCOV>
      <Z.RESIDCOV type="complex" size="2  2">
        <value output="Ex" input="Ex">1.026171e0 0.000000e0</value>
        <value output="Ex" input="Ey">-9.390783e-2 -1.071000e-2</value>
        <value output="Ey" input="Ex">-9.390783e-2 1.071000e-2</value>
        <value output="Ey" input="Ey">1.024292e-1 0.000000e0</value>
      </Z.RESIDCOV>
      <T type="complex" size="1  2" units="[]">
        <value name="Tx" output="Hz" input="Hx">-9.867440e-2 -8.528675e-2</value>
        <value name="Ty" output="Hz" input="Hy">-5.089220e-3 5.699090e-3</value>
      </T>
      <T.VAR type="real" size="1  2">
        <value name="Tx" output="Hz" input="Hx">8.602908e-7</value>
        <value name="Ty" output="Hz" input="Hy">1.157673e-6</value>
      </T.VAR>
      <T.INVSIGCOV type="complex" size="1  2">
        <value output="Hx" input="Hx">8.765062e-4 2.776969e-12</value>
        <value output="Hx" input="Hy">1.402177e-5 -7.017000e-5</value>
        <value output="Hy" input="Hx">1.402177e-5 7.017000e-5</value>
        <value output="Hy" input="Hy">1.179494e-3 9.776031e-12</value>
      </T.INVSIGCOV>
      <T.RESIDCOV type="complex" size="1  2">
        <value output="Hz" input="Hz">1.963000e-3 0.000000e0</value>
      </T.RESIDCOV>
    </Period>
    <Period value="42.66667" units="secs">
      <Z type="complex" size="2  2" units="[mV/km]/[nT]">
        <value name="Zxx" output="Ex" input="Hx">2.036477e-1 1.636515e0</value>
        <value name="Zxy" output="Ex" input="Hy">8.644909e0 1.483712e1</value>
        <value name="Zyx" output="Ey" input="Hx">-1.524091e0 -4.067883e0</value>
        <value name="Zyy" output="Ey" input="Hy">-5.706477e-1 -1.315515e0</value>
      </Z>
      <Z.VAR type="real" size="2  2">
        <value name="Zxx" output="Ex" input="Hx">2.485364e-4</value>
        <value name="Zxy" output="Ex" input="Hy">4.619970e-4</value>
        <value name="Zyx" output="Ey" input="Hx">2.956151e-5</value>
        <value name="Zyy" output="Ey" input="Hy">5.495103e-5</value>
      </Z.VAR>
      <Z.INVSIGCOV type="complex" size="2  2">
        <value output="Hx" input="Hx">4.391944e-4 -2.162041e-12</value>
        <value output="Hx" input="Hy">4.603251e-5 -4.695000e-5</value>
        <value output="Hy" input="Hx">4.603251e-5 4.695000e-5</value>
        <value output="Hy" input="Hy">8.164056e-4 -1.184959e-12</value>
      </Z.INVSIGCOV>
      <Z.RESIDCOV type="complex" size="2  2">
        <value output="Ex" input="Ex">1.131783e0 0.000000e0</value>
        <value output="Ex" input="Ey">-7.703445e-2 2.373000e-3</value>
        <value output="Ey" input="Ex">-7.703445e-2 -2.373000e-3</value>
        <value output="Ey" input="Ey">1.346170e-1 0.000000e0</value>
      </Z.RESIDCOV>
      <T type="complex" size="1  2" units="[]">
        <value name="Tx" output="Hz" input="Hx">-6.898222e-2 -1.016659e-1</value>
        <value name="Ty" output="Hz" input="Hy">8.223160e-3 -1.257846e-2</value>
      </T>
      <T.VAR type="real" size="1  2">
        <value name="Tx" output="Hz" input="Hx">6.899744e-7</value>
        <value name="Ty" output="Hz" input="Hy">1.282573e-6</value>
      </T.VAR>
      <T.INVSIGCOV type="complex" size="1  2">
        <value output="Hx" input="Hx">4.391944e-4 -2.162041e-12</value>
        <value output="Hx" input="Hy">4.603251e-5 -4.695000e-5</value>
        <value output="Hy" input="Hx">4.603251e-5 4.695000e-5</value>
        <value output="Hy" input="Hy">8.164056e-4 -1.184959e-12</value>
      </T.INVSIGCOV>
      <T.RESIDCOV type="complex" size="1  2">
        <value output="Hz" input="Hz">3.142000e-3 0.000000e0</value>
      </T.RESIDCOV>
    </Period>
    <Period value="53.89474" units="secs">
      <Z type="complex" size="2  2" units="[mV/km]/[nT]">
        <value name="Zxx" output="Ex" input="Hx">9.200956e-2 1.288740e0</value>
        <value name="Zxy" output="Ex" input="Hy">6.929340e0 1.265455e1</value>
        <value name="Zyx" output="Ey" input="Hx">-1.173660e0 -3.388447e0</value>
        <value name="Zyy" output="Ey" input="Hy">-4.160096e-1 -1.083740e0</value>
      </Z>
      <Z.VAR type="real" size="2  2">
        <value name="Zxx" output="Ex" input="Hx">1.726268e-4</value>
        <value name="Zxy" output="Ex" input="Hy">3.343615e-4</value>
        <value name="Zyx" output="Ey" input="Hx">2.174157e-5</value>
        <value name="Zyy" output="Ey" input="Hy">4.211131e-5</value>
      </Z.VAR>
      <Z.INVSIGCOV type="complex" size="2  2">
        <value output="Hx" input="Hx">3.063090e-4 1.151585e-13</value>
        <value output="Hx" input="Hy">3.682812e-5 -6.919000e-5</value>
        <value output="Hy" input="Hx">3.682812e-5 6.919000e-5</value>
        <value output="Hy" input="Hy">5.932910e-4 1.746842e-12</value>
      </Z.INVSIGCOV>
      <Z.RESIDCOV type="complex" size="2  2">
        <value output="Ex" input="Ex">1.127142e0 0.000000e0</value>
        <value output="Ex" input="Ey">-6.686265e-2 9.719000e-3</value>
        <value output="Ey" input="Ex">-6.686265e-2 -9.719000e-3</value>
        <value output="Ey" input="Ey">1.419584e-1 0.000000e0</value>
      </Z.RESIDCOV>
      <T type="complex" size="1  2" units="[]">
        <value name="Tx" output="Hz" input="Hx">-3.627631e-2 -8.423505e-2</value>
        <value name="Ty" output="Hz" input="Hy">1.329617e-2 -9.052824e-3</value>
      </T>
      <T.VAR type="real" size="1  2">
        <value name="Tx" output="Hz" input="Hx">4.848872e-7</value>
        <value name="Ty" output="Hz" input="Hy">9.391796e-7</value>
      </T.VAR>
      <T.INVSIGCOV type="complex" size="1  2">
        <value output="Hx" input="Hx">3.063090e-4 1.151585e-13</value>
        <value output="Hx" input="Hy">3.682812e-5 -6.919000e-5</value>
        <value output="Hy" input="Hx">3.682812e-5 6.919000e-5</value>
        <value output="Hy" input="Hy">5.932910e-4 1.746842e-12</value>
      </T.INVSIGCOV>
      <T.RESIDCOV type="complex" size="1  2">
        <value output="Hz" input="Hz">3.166000e-3 0.000000e0</value>
      </T.RESIDCOV>
    </Period>
    <Period value="68.26667" units="secs">
      <Z type="complex" size="2  2" units="[mV/km]/[nT]">
        <value name="Zxx" output="Ex" input="Hx">8.964736e-2 9.632446e-1</value>
        <value name="Zxy" output="Ex" input="Hy">5.707328e0 1.059695e1</value>
        <value name="Zyx" output="Ey" input="Hx">-9.146722e-1 -2.785047e0</value>
        <value name="Zyy" output="Ey" input="Hy">-2.836474e-1 -8.792446e-1</value>
      </Z>
      <Z.VAR type="real" size="2  2">
        <value name="Zxx" output="Ex" input="Hx">1.367259e-4</value>
        <value name="Zxy" output="Ex" input="Hy">3.156894e-4</value>
        <value name="Zyx" output="Ey" input="Hx">1.675926e-5</value>
        <value name="Zyy" output="Ey" input="Hy">3.869583e-5</value>
      </Z.VAR>
      <Z.INVSIGCOV type="complex" size="2  2">
        <value output="Hx" input="Hx">2.010020e-4 -5.649962e-13</value>
        <value output="Hx" input="Hy">2.828495e-5 -4.046000e-5</value>
        <value output="Hy" input="Hx">2.828495e-5 4.046000e-5</value>
        <value output="Hy" input="Hy">4.640980e-4 -1.031104e-12</value>
      </Z.INVSIGCOV>
      <Z.RESIDCOV type="complex" size="2  2">
        <value output="Ex" input="Ex">1.360443e0 0.000000e0</value>
        <value output="Ex" input="Ey">-7.185700e-2 2.819000e-2</value>
        <value output="Ey" input="Ex">-7.185700e-2 -2.819000e-2</value>
        <value output="Ey" input="Ey">1.667571e-1 0.000000e0</value>
      </Z.RESIDCOV>
      <T type="complex" size="1  2" units="[]">
        <value name="Tx" output="Hz" input="Hx">-2.326588e-2 -6.440303e-2</value>
        <value name="Ty" output="Hz" input="Hy">2.161302e-2 -1.363268e-2</value>
      </T>
      <T.VAR type="real" size="1  2">
        <value name="Tx" output="Hz" input="Hx">3.038145e-7</value>
        <value name="Ty" output="Hz" input="Hy">7.014841e-7</value>
      </T.VAR>
      <T.INVSIGCOV type="complex" size="1  2">
        <value output="Hx" input="Hx">2.010020e-4 -5.649962e-13</value>
        <value output="Hx" input="Hy">2.828495e-5 -4.046000e-5</value>
        <value output="Hy" input="Hx">2.828495e-5 4.046000e-5</value>
        <value output="Hy" input="Hy">4.640980e-4 -1.031104e-12</value>
      </T.INVSIGCOV>
      <T.RESIDCOV type="complex" size="1  2">
        <value output="Hz" input="Hz">3.023000e-3 0.000000e0</value>
      </T.RESIDCOV>
    </Period>
    <Period value="85.33334" units="secs">
      <Z type="complex" size="2  2" units="[mV/km]/[nT]">
        <value name="Zxx" output="Ex" input="Hx">9.473649e-2 7.197395e-1</value>
        <value name="Zxy" output="Ex" input="Hy">4.753243e0 8.983446e0</value>
        <value name="Zyx" output="Ey" input="Hx">-7.347573e-1 -2.317554e0</value>
        <value name="Zyy" output="Ey" input="Hy">-2.237365e-1 -7.257395e-1</value>
      </Z>
      <Z.VAR type="real" size="2  2">
        <value name="Zxx" output="Ex" input="Hx">1.481355e-4</value>
        <value name="Zxy" output="Ex" input="Hy">3.331869e-4</value>
        <value name="Zyx" output="Ey" input="Hx">1.634795e-5</value>
        <value name="Zyy" output="Ey" input="Hy">3.676986e-5</value>
      </Z.VAR>
      <Z.INVSIGCOV type="complex" size="2  2">
        <value output="Hx" input="Hx">2.121135e-4 1.307763e-12</value>
        <value output="Hx" input="Hy">2.802007e-5 -3.710000e-5</value>
        <value output="Hy" input="Hx">2.802007e-5 3.710000e-5</value>
        <value output="Hy" input="Hy">4.770865e-4 5.109372e-13</value>
      </Z.INVSIGCOV>
      <Z.RESIDCOV type="complex" size="2  2">
        <value output="Ex" input="Ex">1.396757e0 0.000000e0</value>
        <value output="Ex" input="Ey">-4.962106e-2 4.555000e-2</value>
        <value output="Ey" input="Ex">-4.962106e-2 -4.555000e-2</value>
        <value output="Ey" input="Ey">1.541434e-1 0.000000e0</value>
      </Z.RESIDCOV>
      <T type="complex" size="1  2" units="[]">
        <value name="Tx" output="Hz" input="Hx">-1.753566e-2 -5.218466e-2</value>
        <value name="Ty" output="Hz" input="Hy">2.482911e-2 -1.453546e-2</value>
      </T>
      <T.VAR type="real" size="1  2">
        <value name="Tx" output="Hz" input="Hx">3.591082e-7</value>
        <value name="Ty" output="Hz" input="Hy">8.077074e-7</value>
      </T.VAR>
      <T.INVSIGCOV type="complex" size="1  2">
        <value output="Hx" input="Hx">2.121135e-4 1.307763e-12</value>
        <value output="Hx" input="Hy">2.802007e-5 -3.710000e-5</value>
        <value output="Hy" input="Hx">2.802007e-5 3.710000e-5</value>
        <value output="Hy" input="Hy">4.770865e-4 5.109372e-13</value>
      </T.INVSIGCOV>
      <T.RESIDCOV type="complex" size="1  2">
        <value output="Hz" input="Hz">3.386000e-3 0.000000e0</value>
      </T.RESIDCOV>
    </Period>
    <Period value="102.40000" units="secs">
      <Z type="complex" size="2  2" units="[mV/km]/[nT]">
        <value name="Zxx" output="Ex" input="Hx">1.306164e-1 5.904756e-1</value>
        <value name="Zxy" output="Ex" input="Hy">4.215536e0 7.817946e0</value>
        <value name="Zyx" output="Ey" input="Hx">-6.117638e-1 -1.983055e0</value>
        <value name="Zyy" output="Ey" input="Hy">-1.876164e-1 -6.054756e-1</value>
      </Z>
      <Z.VAR type="real" size="2  2">
        <value name="Zxx" output="Ex" input="Hx">1.385207e-4</value>
        <value name="Zxy" output="Ex" input="Hy">3.118655e-4</value>
        <value name="Zyx" output="Ey" input="Hx">1.385281e-5</value>
        <value name="Zyy" output="Ey" input="Hy">3.118821e-5</value>
      </Z.VAR>
      <Z.INVSIGCOV type="complex" size="2  2">
        <value output="Hx" input="Hx">1.496279e-4 -9.728000e-13</value>
        <value output="Hx" input="Hy">1.990994e-5 -2.832000e-5</value>
        <value output="Hy" input="Hx">1.990994e-5 2.832000e-5</value>
        <value output="Hy" input="Hy">3.368721e-4 -1.869700e-12</value>
      </Z.INVSIGCOV>
      <Z.RESIDCOV type="complex" size="2  2">
        <value output="Ex" input="Ex">1.851537e0 0.000000e0</value>
        <value output="Ex" input="Ey">-3.835341e-2 6.637000e-2</value>
        <value output="Ey" input="Ex">-3.835341e-2 -6.637000e-2</value>
        <value output="Ey" input="Ey">1.851635e-1 -3.469447e-18</value>
      </Z.RESIDCOV>
      <T type="complex" size="1  2" units="[]">
        <value name="Tx" output="Hz" input="Hx">-1.310440e-2 -4.446552e-2</value>
        <value name="Ty" output="Hz" input="Hy">2.673087e-2 -1.721600e-2</value>
      </T>
      <T.VAR type="real" size="1  2">
        <value name="Tx" output="Hz" input="Hx">2.952906e-7</value>
        <value name="Ty" output="Hz" input="Hy">6.648171e-7</value>
      </T.VAR>
      <T.INVSIGCOV type="complex" size="1  2">
        <value output="Hx" input="Hx">1.496279e-4 -9.728000e-13</value>
        <value output="Hx" input="Hy">1.990994e-5 -2.832000e-5</value>
        <value output="Hy" input="Hx">1.990994e-5 2.832000e-5</value>
        <value output="Hy" input="Hy">3.368721e-4 -1.869700e-12</value>
      </T.INVSIGCOV>
      <T.RESIDCOV type="complex" size="1  2">
        <value output="Hz" input="Hz">3.947000e-3 0.000000e0</value>
      </T.RESIDCOV>
    </Period>
    <Period value="132.12903" units="secs">
      <Z type="complex" size="2  2" units="[mV/km]/[nT]">
        <value name="Zxx" output="Ex" input="Hx">1.057741e-1 4.205254e-1</value>
        <value name="Zxy" output="Ex" input="Hy">3.591516e0 6.318540e0</value>
        <value name="Zyx" output="Ey" input="Hx">-4.882841e-1 -1.577460e0</value>
        <value name="Zyy" output="Ey" input="Hy">-1.540741e-1 -4.775254e-1</value>
      </Z>
      <Z.VAR type="real" size="2  2">
        <value name="Zxx" output="Ex" input="Hx">5.339393e-5</value>
        <value name="Zxy" output="Ex" input="Hy">1.199862e-4</value>
        <value name="Zyx" output="Ey" input="Hx">6.071858e-6</value>
        <value name="Zyy" output="Ey" input="Hy">1.364461e-5</value>
      </Z.VAR>
      <Z.INVSIGCOV type="complex" size="2  2">
        <value output="Hx" input="Hx">1.061226e-4 -1.033971e-12</value>
        <value output="Hx" input="Hy">1.679639e-5 -2.494000e-5</value>
        <value output="Hy" input="Hx">1.679639e-5 2.494000e-5</value>
        <value output="Hy" input="Hy">2.384774e-4 -1.533729e-12</value>
      </Z.INVSIGCOV>
      <Z.RESIDCOV type="complex" size="2  2">
        <value output="Ex" input="Ex">1.006269e0 0.000000e0</value>
        <value output="Ex" input="Ey">-2.576371e-2 5.627000e-3</value>
        <value output="Ey" input="Ex">-2.576371e-2 -5.627000e-3</value>
        <value output="Ey" input="Ey">1.144310e-1 -2.168404e-19</value>
      </Z.RESIDCOV>
      <T type="complex" size="1  2" units="[]">
        <value name="Tx" output="Hz" input="Hx">-9.204775e-3 -3.308393e-2</value>
        <value name="Ty" output="Hz" input="Hy">2.687520e-2 -2.117282e-2</value>
      </T>
      <T.VAR type="real" size="1  2">
        <value name="Tx" output="Hz" input="Hx">2.954983e-7</value>
        <value name="Ty" output="Hz" input="Hy">6.640404e-7</value>
      </T.VAR>
      <T.INVSIGCOV type="complex" size="1  2">
        <value output="Hx" input="Hx">1.061226e-4 -1.033971e-12</value>
        <value output="Hx" input="Hy">1.679639e-5 -2.494000e-5</value>
        <value output="Hy" input="Hx">1.679639e-5 2.494000e-5</value>
        <value output="Hy" input="Hy">2.384774e-4 -1.533729e-12</value>
      </T.INVSIGCOV>
      <T.RESIDCOV type="complex" size="1  2">
        <value output="Hz" input="Hz">5.569000e-3 0.000000e0</value>
      </T.RESIDCOV>
    </Period>
    <Period value="170.66667" units="secs">
      <Z type="complex" size="2  2" units="[mV/km]/[nT]">
        <value name="Zxx" output="Ex" input="Hx">1.386807e-1 3.080975e-1</value>
        <value name="Zxy" output="Ex" input="Hy">3.110900e0 5.165889e0</value>
        <value name="Zyx" output="Ey" input="Hx">-3.986999e-1 -1.248111e0</value>
        <value name="Zyy" output="Ey" input="Hy">-1.359807e-1 -4.000975e-1</value>
      </Z>
      <Z.VAR type="real" size="2  2">
        <value name="Zxx" output="Ex" input="Hx">4.735189e-5</value>
        <value name="Zxy" output="Ex" input="Hy">1.193118e-4</value>
        <value name="Zyx" output="Ey" input="Hx">5.525541e-6</value>
        <value name="Zyy" output="Ey" input="Hy">1.392262e-5</value>
      </Z.VAR>
      <Z.INVSIGCOV type="complex" size="2  2">
        <value output="Hx" input="Hx">6.998071e-5 1.438107e-13</value>
        <value output="Hx" input="Hy">1.961995e-5 -1.823000e-5</value>
        <value output="Hy" input="Hx">1.961995e-5 1.823000e-5</value>
        <value output="Hy" input="Hy">1.763293e-4 2.048893e-13</value>
      </Z.INVSIGCOV>
      <Z.RESIDCOV type="complex" size="2  2">
        <value output="Ex" input="Ex">1.353284e0 -4.336809e-19</value>
        <value output="Ex" input="Ey">-2.811345e-3 1.331000e-2</value>
        <value output="Ey" input="Ex">-2.811345e-3 -1.331000e-2</value>
        <value output="Ey" input="Ey">1.579161e-1 4.336809e-19</value>
      </Z.RESIDCOV>
      <T type="complex" size="1  2" units="[]">
        <value name="Tx" output="Hz" input="Hx">-5.439238e-3 -2.689115e-2</value>
        <value name="Ty" output="Hz" input="Hy">2.773878e-2 -2.739833e-2</value>
      </T>
      <T.VAR type="real" size="1  2">
        <value name="Tx" output="Hz" input="Hx">2.719101e-7</value>
        <value name="Ty" output="Hz" input="Hy">6.851275e-7</value>
      </T.VAR>
      <T.INVSIGCOV type="complex" size="1  2">
        <value output="Hx" input="Hx">6.998071e-5 1.438107e-13</value>
        <value output="Hx" input="Hy">1.961995e-5 -1.823000e-5</value>
        <value output="Hy" input="Hx">1.961995e-5 1.823000e-5</value>
        <value output="Hy" input="Hy">1.763293e-4 2.048893e-13</value>
      </T.INVSIGCOV>
      <T.RESIDCOV type="complex" size="1  2">
        <value output="Hz" input="Hz">7.771000e-3 0.000000e0</value>
      </T.RESIDCOV>
    </Period>
    <Period value="215.57895" units="secs">
      <Z type="complex" size="2  2" units="[mV/km]/[nT]">
        <value name="Zxx" output="Ex" input="Hx">1.534416e-1 1.997508e-1</value>
        <value name="Zxy" output="Ex" input="Hy">2.764736e0 4.262355e0</value>
        <value name="Zyx" output="Ey" input="Hx">-3.410640e-1 -1.015646e0</value>
        <value name="Zyy" output="Ey" input="Hy">-1.157416e-1 -3.339508e-1</value>
      </Z>
      <Z.VAR type="real" size="2  2">
        <value name="Zxx" output="Ex" input="Hx">4.971867e-5</value>
        <value name="Zxy" output="Ex" input="Hy">9.109220e-5</value>
        <value name="Zyx" output="Ey" input="Hx">5.990332e-6</value>
        <value name="Zyy" output="Ey" input="Hy">1.097520e-5</value>
      </Z.VAR>
      <Z.INVSIGCOV type="complex" size="2  2">
        <value output="Hx" input="Hx">5.460864e-5 1.628225e-13</value>
        <value output="Hx" input="Hy">1.052588e-5 -1.675000e-5</value>
        <value output="Hy" input="Hx">1.052588e-5 1.675000e-5</value>
        <value output="Hy" input="Hy">1.000514e-4 5.853775e-13</value>
      </Z.INVSIGCOV>
      <Z.RESIDCOV type="complex" size="2  2">
        <value output="Ex" input="Ex">1.820909e0 -8.673617e-19</value>
        <value output="Ex" input="Ey">1.274485e-2 2.472000e-2</value>
        <value output="Ey" input="Ex">1.274485e-2 -2.472000e-2</value>
        <value output="Ey" input="Ey">2.193914e-1 8.673617e-19</value>
      </Z.RESIDCOV>
      <T type="complex" size="1  2" units="[]">
        <value name="Tx" output="Hz" input="Hx">-4.485524e-3 -2.192690e-2</value>
        <value name="Ty" output="Hz" input="Hy">2.933614e-2 -3.877107e-2</value>
      </T>
      <T.VAR type="real" size="1  2">
        <value name="Tx" output="Hz" input="Hx">3.241022e-7</value>
        <value name="Ty" output="Hz" input="Hy">5.938049e-7</value>
      </T.VAR>
      <T.INVSIGCOV type="complex" size="1  2">
        <value output="Hx" input="Hx">5.460864e-5 1.628225e-13</value>
        <value output="Hx" input="Hy">1.052588e-5 -1.675000e-5</value>
        <value output="Hy" input="Hx">1.052588e-5 1.675000e-5</value>
        <value output="Hy" input="Hy">1.000514e-4 5.853775e-13</value>
      </T.INVSIGCOV>
      <T.RESIDCOV type="complex" size="1  2">
        <value output="Hz" input="Hz">1.187000e-2 0.000000e0</value>
      </T.RESIDCOV>
    </Period>
    <Period value="273.06668" units="secs">
      <Z type="complex" size="2  2" units="[mV/km]/[nT]">
        <value name="Zxx" output="Ex" input="Hx">2.005112e-1 1.400304e-1</value>
        <value name="Zxy" output="Ex" input="Hy">2.530465e0 3.550422e0</value>
        <value name="Zyx" output="Ey" input="Hx">-3.047353e-1 -8.145777e-1</value>
        <value name="Zyy" output="Ey" input="Hy">-9.761122e-2 -2.760304e-1</value>
      </Z>
      <Z.VAR type="real" size="2  2">
        <value name="Zxx" output="Ex" input="Hx">4.652943e-5</value>
        <value name="Zxy" output="Ex" input="Hy">9.326184e-5</value>
        <value name="Zyx" output="Ey" input="Hx">5.194238e-6</value>
        <value name="Zyy" output="Ey" input="Hy">1.041114e-5</value>
      </Z.VAR>
      <Z.INVSIGCOV type="complex" size="2  2">
        <value output="Hx" input="Hx">2.723373e-5 3.291051e-14</value>
        <value output="Hx" input="Hy">7.772861e-6 -7.620000e-6</value>
        <value output="Hy" input="Hx">7.772861e-6 7.620000e-6</value>
        <value output="Hy" input="Hy">5.458627e-5 -2.075305e-13</value>
      </Z.INVSIGCOV>
      <Z.RESIDCOV type="complex" size="2  2">
        <value output="Ex" input="Ex">3.417044e0 -2.168404e-19</value>
        <value output="Ex" input="Ey">1.363709e-1 -7.031000e-3</value>
        <value output="Ey" input="Ex">1.363709e-1 7.031000e-3</value>
        <value output="Ey" input="Ey">3.814562e-1 0.000000e0</value>
      </Z.RESIDCOV>
      <T type="complex" size="1  2" units="[]">
        <value name="Tx" output="Hz" input="Hx">-4.477433e-3 -1.433308e-2</value>
        <value name="Ty" output="Hz" input="Hy">3.295175e-2 -4.868399e-2</value>
      </T>
      <T.VAR type="real" size="1  2">
        <value name="Tx" output="Hz" input="Hx">2.960307e-7</value>
        <value name="Ty" output="Hz" input="Hy">5.933527e-7</value>
      </T.VAR>
      <T.INVSIGCOV type="complex" size="1  2">
        <value output="Hx" input="Hx">2.723373e-5 3.291051e-14</value>
        <value output="Hx" input="Hy">7.772861e-6 -7.620000e-6</value>
        <value output="Hy" input="Hx">7.772861e-6 7.620000e-6</value>
        <value output="Hy" input="Hy">5.458627e-5 -2.075305e-13</value>
      </T.INVSIGCOV>
      <T.RESIDCOV type="complex" size="1  2">
        <value output="Hz" input="Hz">2.174000e-2 0.000000e0</value>
      </T.RESIDCOV>
    </Period>
    <Period value="341.33334" units="secs">
      <Z type="complex" size="2  2" units="[mV/km]/[nT]">
        <value name="Zxx" output="Ex" input="Hx">2.228690e-1 8.365597e-2</value>
        <value name="Zxy" output="Ex" input="Hy">2.333697e0 3.024728e0</value>
        <value name="Zyx" output="Ey" input="Hx">-2.792028e-1 -6.779724e-1</value>
        <value name="Zyy" output="Ey" input="Hy">-7.866904e-2 -2.467560e-1</value>
      </Z>
      <Z.VAR type="real" size="2  2">
        <value name="Zxx" output="Ex" input="Hx">5.656869e-5</value>
        <value name="Zxy" output="Ex" input="Hy">1.028895e-4</value>
        <value name="Zyx" output="Ey" input="Hx">5.906590e-6</value>
        <value name="Zyy" output="Ey" input="Hy">1.074316e-5</value>
      </Z.VAR>
      <Z.INVSIGCOV type="complex" size="2  2">
        <value output="Hx" input="Hx">2.642219e-5 1.813355e-14</value>
        <value output="Hx" input="Hy">9.070436e-6 -8.865000e-6</value>
        <value output="Hy" input="Hx">9.070436e-6 8.865000e-6</value>
        <value output="Hy" input="Hy">4.805781e-5 1.240264e-13</value>
      </Z.INVSIGCOV>
      <Z.RESIDCOV type="complex" size="2  2">
        <value output="Ex" input="Ex">4.281907e0 0.000000e0</value>
        <value output="Ex" input="Ey">1.686827e-1 6.891000e-2</value>
        <value output="Ey" input="Ex">1.686827e-1 -6.891000e-2</value>
        <value output="Ey" input="Ey">4.470931e-1 3.469447e-18</value>
      </Z.RESIDCOV>
      <T type="complex" size="1  2" units="[]">
        <value name="Tx" output="Hz" input="Hx">-5.759520e-3 -1.093258e-2</value>
        <value name="Ty" output="Hz" input="Hy">4.036583e-2 -5.863082e-2</value>
      </T>
      <T.VAR type="real" size="1  2">
        <value name="Tx" output="Hz" input="Hx">4.996437e-7</value>
        <value name="Ty" output="Hz" input="Hy">9.087732e-7</value>
      </T.VAR>
      <T.INVSIGCOV type="complex" size="1  2">
        <value output="Hx" input="Hx">2.642219e-5 1.813355e-14</value>
        <value output="Hx" input="Hy">9.070436e-6 -8.865000e-6</value>
        <value output="Hy" input="Hx">9.070436e-6 8.865000e-6</value>
        <value output="Hy" input="Hy">4.805781e-5 1.240264e-13</value>
      </T.INVSIGCOV>
      <T.RESIDCOV type="complex" size="1  2">
        <value output="Hz" input="Hz">3.782000e-2 0.000000e0</value>
      </T.RESIDCOV>
    </Period>
    <Period value="409.60001" units="secs">
      <Z type="complex" size="2  2" units="[mV/km]/[nT]">
        <value name="Zxx" output="Ex" input="Hx">2.504756e-1 6.372944e-2</value>
        <value name="Zxy" output="Ex" input="Hy">2.189003e0 2.634888e0</value>
        <value name="Zyx" output="Ey" input="Hx">-2.641971e-1 -5.881116e-1</value>
        <value name="Zyy" output="Ey" input="Hy">-7.317563e-2 -2.281294e-1</value>
      </Z>
      <Z.VAR type="real" size="2  2">
        <value name="Zxx" output="Ex" input="Hx">4.423189e-5</value>
        <value name="Zxy" output="Ex" input="Hy">9.562449e-5</value>
        <value name="Zyx" output="Ey" input="Hx">4.608520e-6</value>
        <value name="Zyy" output="Ey" input="Hy">9.963114e-6</value>
      </Z.VAR>
      <Z.INVSIGCOV type="complex" size="2  2">
        <value output="Hx" input="Hx">1.197069e-5 -1.355485e-13</value>
        <value output="Hx" input="Hy">4.627074e-6 -4.025000e-6</value>
        <value output="Hy" input="Hx">4.627074e-6 4.025000e-6</value>
        <value output="Hy" input="Hy">2.587931e-5 -9.231152e-14</value>
      </Z.INVSIGCOV>
      <Z.RESIDCOV type="complex" size="2  2">
        <value output="Ex" input="Ex">7.390033e0 0.000000e0</value>
        <value output="Ex" input="Ey">2.083977e-1 1.695000e-1</value>
        <value output="Ey" input="Ex">2.083977e-1 -1.695000e-1</value>
        <value output="Ey" input="Ey">7.699674e-1 0.000000e0</value>
      </Z.RESIDCOV>
      <T type="complex" size="1  2" units="[]">
        <value name="Tx" output="Hz" input="Hx">-8.184849e-3 -1.083481e-2</value>
        <value name="Ty" output="Hz" input="Hy">5.043915e-2 -7.364831e-2</value>
      </T>
      <T.VAR type="real" size="1  2">
        <value name="Tx" output="Hz" input="Hx">4.490804e-7</value>
        <value name="Ty" output="Hz" input="Hy">9.708624e-7</value>
      </T.VAR>
      <T.INVSIGCOV type="complex" size="1  2">
        <value output="Hx" input="Hx">1.197069e-5 -1.355485e-13</value>
        <value output="Hx" input="Hy">4.627074e-6 -4.025000e-6</value>
        <value output="Hy" input="Hx">4.627074e-6 4.025000e-6</value>
        <value output="Hy" input="Hy">2.587931e-5 -9.231152e-14</value>
      </T.INVSIGCOV>
      <T.RESIDCOV type="complex" size="1  2">
        <value output="Hz" input="Hz">7.503000e-2 0.000000e0</value>
      </T.RESIDCOV>
    </Period>
    <Period value="528.51611" units="secs">
      <Z type="complex" size="2  2" units="[mV/km]/[nT]">
        <value name="Zxx" output="Ex" input="Hx">2.852794e-1 6.655387e-2</value>
        <value name="Zxy" output="Ex" input="Hy">2.030304e0 2.237372e0</value>
        <value name="Zyx" output="Ey" input="Hx">-2.338961e-1 -4.754283e-1</value>
        <value name="Zyy" output="Ey" input="Hy">-4.767938e-2 -1.883539e-1</value>
      </Z>
      <Z.VAR type="real" size="2  2">
        <value name="Zxx" output="Ex" input="Hx">3.249397e-5</value>
        <value name="Zxy" output="Ex" input="Hy">5.812245e-5</value>
        <value name="Zyx" output="Ey" input="Hx">2.674478e-6</value>
        <value name="Zyy" output="Ey" input="Hy">4.783880e-6</value>
      </Z.VAR>
      <Z.INVSIGCOV type="complex" size="2  2">
        <value output="Hx" input="Hx">8.451922e-6 3.504968e-14</value>
        <value output="Hx" input="Hy">3.042631e-6 -2.882000e-6</value>
        <value output="Hy" input="Hx">3.042631e-6 2.882000e-6</value>
        <value output="Hy" input="Hy">1.511808e-5 2.626032e-14</value>
      </Z.INVSIGCOV>
      <Z.RESIDCOV type="complex" size="2  2">
        <value output="Ex" input="Ex">7.689132e0 0.000000e0</value>
        <value output="Ex" input="Ey">2.132836e-2 -1.206000e-1</value>
        <value output="Ey" input="Ex">2.132836e-2 1.206000e-1</value>
        <value output="Ey" input="Ey">6.328687e-1 0.000000e0</value>
      </Z.RESIDCOV>
      <T type="complex" size="1  2" units="[]">
        <value name="Tx" output="Hz" input="Hx">-1.231205e-2 -7.012573e-3</value>
        <value name="Ty" output="Hz" input="Hy">6.711671e-2 -8.660481e-2</value>
      </T>
      <T.VAR type="real" size="1  2">
        <value name="Tx" output="Hz" input="Hx">7.365850e-7</value>
        <value name="Ty" output="Hz" input="Hy">1.317541e-6</value>
      </T.VAR>
      <T.INVSIGCOV type="complex" size="1  2">
        <value output="Hx" input="Hx">8.451922e-6 3.504968e-14</value>
        <value output="Hx" input="Hy">3.042631e-6 -2.882000e-6</value>
        <value output="Hy" input="Hx">3.042631e-6 2.882000e-6</value>
        <value output="Hy" input="Hy">1.511808e-5 2.626032e-14</value>
      </T.INVSIGCOV>
      <T.RESIDCOV type="complex" size="1  2">
        <value output="Hz" input="Hz">1.743000e-1 0.000000e0</value>
      </T.RESIDCOV>
    </Period>
    <Period value="682.66669" units="secs">
      <Z type="complex" size="2  2" units="[mV/km]/[nT]">
        <value name="Zxx" output="Ex" input="Hx">3.042939e-1 7.714901e-2</value>
        <value name="Zxy" output="Ex" input="Hy">1.870758e0 1.892522e0</value>
        <value name="Zyx" output="Ey" input="Hx">-2.091424e-1 -3.893782e-1</value>
        <value name="Zyy" output="Ey" input="Hy">-2.779391e-2 -1.576490e-1</value>
      </Z>
      <Z.VAR type="real" size="2  2">
        <value name="Zxx" output="Ex" input="Hx">3.865322e-5</value>
        <value name="Zxy" output="Ex" input="Hy">5.285855e-5</value>
        <value name="Zyx" output="Ey" input="Hx">2.695291e-6</value>
        <value name="Zyy" output="Ey" input="Hy">3.685829e-6</value>
      </Z.VAR>
      <Z.INVSIGCOV type="complex" size="2  2">
        <value output="Hx" input="Hx">5.807375e-6 -3.908090e-15</value>
        <value output="Hx" input="Hy">2.423705e-6 -2.192000e-6</value>
        <value output="Hy" input="Hx">2.423705e-6 2.192000e-6</value>
        <value output="Hy" input="Hy">7.941626e-6 -5.928191e-14</value>
      </Z.INVSIGCOV>
      <Z.RESIDCOV type="complex" size="2  2">
        <value output="Ex" input="Ex">1.331177e1 0.000000e0</value>
        <value output="Ex" input="Ey">-5.373940e-2 -1.099000e-1</value>
        <value output="Ey" input="Ex">-5.373940e-2 1.099000e-1</value>
        <value output="Ey" input="Ey">9.282303e-1 0.000000e0</value>
      </Z.RESIDCOV>
      <T type="complex" size="1  2" units="[]">
        <value name="Tx" output="Hz" input="Hx">-1.582928e-2 -6.648312e-3</value>
        <value name="Ty" output="Hz" input="Hy">9.285049e-2 -1.000465e-1</value>
      </T>
      <T.VAR type="real" size="1  2">
        <value name="Tx" output="Hz" input="Hx">1.150441e-6</value>
        <value name="Ty" output="Hz" input="Hy">1.573236e-6</value>
      </T.VAR>
      <T.INVSIGCOV type="complex" size="1  2">
        <value output="Hx" input="Hx">5.807375e-6 -3.908090e-15</value>
        <value output="Hx" input="Hy">2.423705e-6 -2.192000e-6</value>
        <value output="Hy" input="Hx">2.423705e-6 2.192000e-6</value>
        <value output="Hy" input="Hy">7.941626e-6 -5.928191e-14</value>
      </T.INVSIGCOV>
      <T.RESIDCOV type="complex" size="1  2">
        <value output="Hz" input="Hz">3.962000e-1 0.000000e0</value>
      </T.RESIDCOV>
    </Period>
    <Period value="862.31580" units="secs">
      <Z type="complex" size="2  2" units="[mV/km]/[nT]">
        <value name="Zxx" output="Ex" input="Hx">3.087516e-1 1.120470e-1</value>
        <value name="Zxy" output="Ex" input="Hy">1.744812e0 1.633124e0</value>
        <value name="Zyx" output="Ey" input="Hx">-1.951884e-1 -3.278760e-1</value>
        <value name="Zyy" output="Ey" input="Hy">-1.495162e-2 -1.345470e-1</value>
      </Z>
      <Z.VAR type="real" size="2  2">
        <value name="Zxx" output="Ex" input="Hx">5.242636e-5</value>
        <value name="Zxy" output="Ex" input="Hy">9.286199e-5</value>
        <value name="Zyx" output="Ey" input="Hx">3.259303e-6</value>
        <value name="Zyy" output="Ey" input="Hy">5.773152e-6</value>
      </Z.VAR>
      <Z.INVSIGCOV type="complex" size="2  2">
        <value output="Hx" input="Hx">4.822313e-6 -3.432509e-14</value>
        <value output="Hx" input="Hy">2.525474e-6 -1.764000e-6</value>
        <value output="Hy" input="Hx">2.525474e-6 1.764000e-6</value>
        <value output="Hy" input="Hy">8.541688e-6 9.385087e-15</value>
      </Z.INVSIGCOV>
      <Z.RESIDCOV type="complex" size="2  2">
        <value output="Ex" input="Ex">2.174324e1 0.000000e0</value>
        <value output="Ex" input="Ey">7.221622e-1 4.599000e-1</value>
        <value output="Ey" input="Ex">7.221622e-1 -4.599000e-1</value>
        <value output="Ey" input="Ey">1.351759e0 0.000000e0</value>
      </Z.RESIDCOV>
      <T type="complex" size="1  2" units="[]">
        <value name="Tx" output="Hz" input="Hx">-1.615801e-2 -1.054935e-2</value>
        <value name="Ty" output="Hz" input="Hy">1.237701e-1 -1.006558e-1</value>
      </T>
      <T.VAR type="real" size="1  2">
        <value name="Tx" output="Hz" input="Hx">3.091103e-6</value>
        <value name="Ty" output="Hz" input="Hy">5.475222e-6</value>
      </T.VAR>
      <T.INVSIGCOV type="complex" size="1  2">
        <value output="Hx" input="Hx">4.822313e-6 -3.432509e-14</value>
        <value output="Hx" input="Hy">2.525474e-6 -1.764000e-6</value>
        <value output="Hy" input="Hx">2.525474e-6 1.764000e-6</value>
        <value output="Hy" input="Hy">8.541688e-6 9.385087e-15</value>
      </T.INVSIGCOV>
      <T.RESIDCOV type="complex" size="1  2">
        <value output="Hz" input="Hz">1.282000e0 0.000000e0</value>
      </T.RESIDCOV>
    </Period>
    <Period value="1092.26672" units="secs">
      <Z type="complex" size="2  2" units="[mV/km]/[nT]">
        <value name="Zxx" output="Ex" input="Hx">2.866581e-1 1.358787e-1</value>
        <value name="Zxy" output="Ex" input="Hy">1.633181e0 1.437121e0</value>
        <value name="Zyx" output="Ey" input="Hx">-1.737191e-1 -2.739786e-1</value>
        <value name="Zyy" output="Ey" input="Hy">-7.758128e-3 -1.139787e-1</value>
      </Z>
      <Z.VAR type="real" size="2  2">
        <value name="Zxx" output="Ex" input="Hx">4.986032e-5</value>
        <value name="Zxy" output="Ex" input="Hy">8.263924e-5</value>
        <value name="Zyx" output="Ey" input="Hx">2.759559e-6</value>
        <value name="Zyy" output="Ey" input="Hy">4.573735e-6</value>
      </Z.VAR>
      <Z.INVSIGCOV type="complex" size="2  2">
        <value output="Hx" input="Hx">2.449373e-6 1.069189e-16</value>
        <value output="Hx" input="Hy">1.077394e-6 -9.932000e-7</value>
        <value output="Hy" input="Hx">1.077394e-6 9.932000e-7</value>
        <value output="Hy" input="Hy">4.059627e-6 3.106508e-14</value>
      </Z.INVSIGCOV>
      <Z.RESIDCOV type="complex" size="2  2">
        <value output="Ex" input="Ex">4.071272e1 -2.775558e-17</value>
        <value output="Ex" input="Ey">5.933871e-1 5.630000e-1</value>
        <value output="Ey" input="Ex">5.933871e-1 -5.630000e-1</value>
        <value output="Ey" input="Ey">2.253278e0 0.000000e0</value>
      </Z.RESIDCOV>
      <T type="complex" size="1  2" units="[]">
        <value name="Tx" output="Hz" input="Hx">-1.862370e-2 -1.274894e-2</value>
        <value name="Ty" output="Hz" input="Hy">1.576204e-1 -9.763801e-2</value>
      </T>
      <T.VAR type="real" size="1  2">
        <value name="Tx" output="Hz" input="Hx">3.627521e-6</value>
        <value name="Ty" output="Hz" input="Hy">6.012308e-6</value>
      </T.VAR>
      <T.INVSIGCOV type="complex" size="1  2">
        <value output="Hx" input="Hx">2.449373e-6 1.069189e-16</value>
        <value output="Hx" input="Hy">1.077394e-6 -9.932000e-7</value>
        <value output="Hy" input="Hx">1.077394e-6 9.932000e-7</value>
        <value output="Hy" input="Hy">4.059627e-6 3.106508e-14</value>
      </T.INVSIGCOV>
      <T.RESIDCOV type="complex" size="1  2">
        <value output="Hz" input="Hz">2.962000e0 0.000000e0</value>
      </T.RESIDCOV>
    </Period>
    <Period value="1365.33337" units="secs">
      <Z type="complex" size="2  2" units="[mV/km]/[nT]">
        <value name="Zxx" output="Ex" input="Hx">2.731627e-1 1.520181e-1</value>
        <value name="Zxy" output="Ex" input="Hy">1.518652e0 1.282557e0</value>
        <value name="Zyx" output="Ey" input="Hx">-1.527476e-1 -2.303428e-1</value>
        <value name="Zyy" output="Ey" input="Hy">6.737282e-3 -9.491813e-2</value>
      </Z>
      <Z.VAR type="real" size="2  2">
        <value name="Zxx" output="Ex" input="Hx">7.620687e-5</value>
        <value name="Zxy" output="Ex" input="Hy">8.523124e-5</value>
        <value name="Zyx" output="Ey" input="Hx">3.350597e-6</value>
        <value name="Zyy" output="Ey" input="Hy">3.747373e-6</value>
      </Z.VAR>
      <Z.INVSIGCOV type="complex" size="2  2">
        <value output="Hx" input="Hx">2.351753e-6 -1.557637e-14</value>
        <value output="Hx" input="Hy">1.079437e-6 -7.687000e-7</value>
        <value output="Hy" input="Hx">1.079437e-6 7.687000e-7</value>
        <value output="Hy" input="Hy">2.630247e-6 1.224637e-14</value>
      </Z.INVSIGCOV>
      <Z.RESIDCOV type="complex" size="2  2">
        <value output="Ex" input="Ex">6.480856e1 0.000000e0</value>
        <value output="Ex" input="Ey">2.664038e0 9.758000e-1</value>
        <value output="Ey" input="Ex">2.664038e0 -9.758000e-1</value>
        <value output="Ey" input="Ey">2.849446e0 0.000000e0</value>
      </Z.RESIDCOV>
      <T type="complex" size="1  2" units="[]">
        <value name="Tx" output="Hz" input="Hx">-1.362370e-2 -1.759997e-2</value>
        <value name="Ty" output="Hz" input="Hy">1.914259e-1 -7.621125e-2</value>
      </T>
      <T.VAR type="real" size="1  2">
        <value name="Tx" output="Hz" input="Hx">9.916169e-6</value>
        <value name="Ty" output="Hz" input="Hy">1.109044e-5</value>
      </T.VAR>
      <T.INVSIGCOV type="complex" size="1  2">
        <value output="Hx" input="Hx">2.351753e-6 -1.557637e-14</value>
        <value output="Hx" input="Hy">1.079437e-6 -7.687000e-7</value>
        <value output="Hy" input="Hx">1.079437e-6 7.687000e-7</value>
        <value output="Hy" input="Hy">2.630247e-6 1.224637e-14</value>
      </T.INVSIGCOV>
      <T.RESIDCOV type="complex" size="1  2">
        <value output="Hz" input="Hz">8.433000e0 0.000000e0</value>
      </T.RESIDCOV>
    </Period>
    <Period value="1638.40002" units="secs">
      <Z type="complex" size="2  2" units="[mV/km]/[nT]">
        <value name="Zxx" output="Ex" input="Hx">2.653758e-1 1.609204e-1</value>
        <value name="Zxy" output="Ex" input="Hy">1.454186e0 1.209554e0</value>
        <value name="Zyx" output="Ey" input="Hx">-1.497145e-1 -2.012463e-1</value>
        <value name="Zyy" output="Ey" input="Hy">1.002418e-2 -8.482036e-2</value>
      </Z>
      <Z.VAR type="real" size="2  2">
        <value name="Zxx" output="Ex" input="Hx">6.091774e-5</value>
        <value name="Zxy" output="Ex" input="Hy">7.108231e-5</value>
        <value name="Zyx" output="Ey" input="Hx">2.924544e-6</value>
        <value name="Zyy" output="Ey" input="Hy">3.412526e-6</value>
      </Z.VAR>
      <Z.INVSIGCOV type="complex" size="2  2">
        <value output="Hx" input="Hx">1.264504e-6 2.280437e-15</value>
        <value output="Hx" input="Hy">4.451376e-7 -4.201000e-7</value>
        <value output="Hy" input="Hx">4.451376e-7 4.201000e-7</value>
        <value output="Hy" input="Hy">1.475496e-6 -3.168437e-15</value>
      </Z.INVSIGCOV>
      <Z.RESIDCOV type="complex" size="2  2">
        <value output="Ex" input="Ex">9.635040e1 0.000000e0</value>
        <value output="Ex" input="Ey">4.364203e0 2.304000e0</value>
        <value output="Ey" input="Ex">4.364203e0 -2.304000e0</value>
        <value output="Ey" input="Ey">4.625598e0 -1.110223e-16</value>
      </Z.RESIDCOV>
      <T type="complex" size="1  2" units="[]">
        <value name="Tx" output="Hz" input="Hx">-9.406432e-3 -2.888945e-2</value>
        <value name="Ty" output="Hz" input="Hy">2.186294e-1 -6.678262e-2</value>
      </T>
      <T.VAR type="real" size="1  2">
        <value name="Tx" output="Hz" input="Hx">1.289794e-5</value>
        <value name="Ty" output="Hz" input="Hy">1.505006e-5</value>
      </T.VAR>
      <T.INVSIGCOV type="complex" size="1  2">
        <value output="Hx" input="Hx">1.264504e-6 2.280437e-15</value>
        <value output="Hx" input="Hy">4.451376e-7 -4.201000e-7</value>
        <value output="Hy" input="Hx">4.451376e-7 4.201000e-7</value>
        <value output="Hy" input="Hy">1.475496e-6 -3.168437e-15</value>
      </T.INVSIGCOV>
      <T.RESIDCOV type="complex" size="1  2">
        <value output="Hz" input="Hz">2.040000e1 0.000000e0</value>
      </T.RESIDCOV>
    </Period>
    <Period value="2259.86206" units="secs">
      <Z type="complex" size="2  2" units="[mV/km]/[nT]">
        <value name="Zxx" output="Ex" input="Hx">1.920480e-1 1.882989e-1</value>
        <value name="Zxy" output="Ex" input="Hy">1.282010e0 1.065621e0</value>
        <value name="Zyx" output="Ey" input="Hx">-1.302905e-1 -1.613788e-1</value>
        <value name="Zyy" output="Ey" input="Hy">2.275201e-2 -6.409894e-2</value>
      </Z>
      <Z.VAR type="real" size="2  2">
        <value name="Zxx" output="Ex" input="Hx">5.531273e-5</value>
        <value name="Zxy" output="Ex" input="Hy">6.030200e-5</value>
        <value name="Zyx" output="Ey" input="Hx">2.800953e-6</value>
        <value name="Zyy" output="Ey" input="Hy">3.053602e-6</value>
      </Z.VAR>
      <Z.INVSIGCOV type="complex" size="2  2">
        <value output="Hx" input="Hx">8.515449e-7 -1.487175e-14</value>
        <value output="Hx" input="Hy">4.622791e-7 -2.410000e-7</value>
        <value output="Hy" input="Hx">4.622791e-7 2.410000e-7</value>
        <value output="Hy" input="Hy">9.283552e-7 7.348754e-15</value>
      </Z.INVSIGCOV>
      <Z.RESIDCOV type="complex" size="2  2">
        <value output="Ex" input="Ex">1.299115e2 0.000000e0</value>
        <value output="Ex" input="Ey">3.147361e0 -1.292000e0</value>
        <value output="Ey" input="Ex">3.147361e0 1.292000e0</value>
        <value output="Ey" input="Ey">6.578521e0 0.000000e0</value>
      </Z.RESIDCOV>
      <T type="complex" size="1  2" units="[]">
        <value name="Tx" output="Hz" input="Hx">-3.221576e-4 -2.242284e-2</value>
        <value name="Ty" output="Hz" input="Hy">2.524511e-1 -2.903864e-2</value>
      </T>
      <T.VAR type="real" size="1  2">
        <value name="Tx" output="Hz" input="Hx">3.415121e-5</value>
        <value name="Ty" output="Hz" input="Hy">3.723168e-5</value>
      </T.VAR>
      <T.INVSIGCOV type="complex" size="1  2">
        <value output="Hx" input="Hx">8.515449e-7 -1.487175e-14</value>
        <value output="Hx" input="Hy">4.622791e-7 -2.410000e-7</value>
        <value output="Hy" input="Hx">4.622791e-7 2.410000e-7</value>
        <value output="Hy" input="Hy">9.283552e-7 7.348754e-15</value>
      </T.INVSIGCOV>
      <T.RESIDCOV type="complex" size="1  2">
        <value output="Hz" input="Hz">8.021000e1 0.000000e0</value>
      </T.RESIDCOV>
    </Period>
    <Period value="3120.76196" units="secs">
      <Z type="complex" size="2  2" units="[mV/km]/[nT]">
        <value name="Zxx" output="Ex" input="Hx">1.182497e-1 1.833067e-1</value>
        <value name="Zxy" output="Ex" input="Hy">1.116076e0 9.134854e-1</value>
        <value name="Zyx" output="Ey" input="Hx">-1.198238e-1 -1.292146e-1</value>
        <value name="Zyy" output="Ey" input="Hy">2.085027e-2 -4.660674e-2</value>
      </Z>
      <Z.VAR type="real" size="2  2">
        <value name="Zxx" output="Ex" input="Hx">6.818725e-5</value>
        <value name="Zxy" output="Ex" input="Hy">8.870443e-5</value>
        <value name="Zyx" output="Ey" input="Hx">3.641974e-6</value>
        <value name="Zyy" output="Ey" input="Hy">4.737824e-6</value>
      </Z.VAR>
      <Z.INVSIGCOV type="complex" size="2  2">
        <value output="Hx" input="Hx">3.674223e-7 3.047807e-15</value>
        <value output="Hx" input="Hy">2.008085e-7 -1.150000e-7</value>
        <value output="Hy" input="Hx">2.008085e-7 1.150000e-7</value>
        <value output="Hy" input="Hy">4.779777e-7 2.804193e-15</value>
      </Z.INVSIGCOV>
      <Z.RESIDCOV type="complex" size="2  2">
        <value output="Ex" input="Ex">3.711656e2 0.000000e0</value>
        <value output="Ex" input="Ey">2.898521e1 7.567000e0</value>
        <value output="Ey" input="Ex">2.898521e1 -7.567000e0</value>
        <value output="Ey" input="Ey">1.982446e1 0.000000e0</value>
      </Z.RESIDCOV>
      <T type="complex" size="1  2" units="[]">
        <value name="Tx" output="Hz" input="Hx">5.993530e-3 -1.044017e-2</value>
        <value name="Ty" output="Hz" input="Hy">2.593381e-1 6.382141e-3</value>
      </T>
      <T.VAR type="real" size="1  2">
        <value name="Tx" output="Hz" input="Hx">5.849363e-5</value>
        <value name="Ty" output="Hz" input="Hy">7.609405e-5</value>
      </T.VAR>
      <T.INVSIGCOV type="complex" size="1  2">
        <value output="Hx" input="Hx">3.674223e-7 3.047807e-15</value>
        <value output="Hx" input="Hy">2.008085e-7 -1.150000e-7</value>
        <value output="Hy" input="Hx">2.008085e-7 1.150000e-7</value>
        <value output="Hy" input="Hy">4.779777e-7 2.804193e-15</value>
      </T.INVSIGCOV>
      <T.RESIDCOV type="complex" size="1  2">
        <value output="Hz" input="Hz">3.184000e2 0.000000e0</value>
      </T.RESIDCOV>
    </Period>
    <Period value="4681.14307" units="secs">
      <Z type="complex" size="2  2" units="[mV/km]/[nT]">
        <value name="Zxx" output="Ex" input="Hx">5.631012e-2 1.569396e-1</value>
        <value name="Zxy" output="Ex" input="Hy">9.226039e-1 7.864993e-1</value>
        <value name="Zyx" output="Ey" input="Hx">-1.039961e-1 -1.022008e-1</value>
        <value name="Zyy" output="Ey" input="Hy">2.568988e-2 -2.853963e-2</value>
      </Z>
      <Z.VAR type="real" size="2  2">
        <value name="Zxx" output="Ex" input="Hx">9.388305e-5</value>
        <value name="Zxy" output="Ex" input="Hy">1.029973e-4</value>
        <value name="Zyx" output="Ey" input="Hx">4.373357e-6</value>
        <value name="Zyy" output="Ey" input="Hy">4.797924e-6</value>
      </Z.VAR>
      <Z.INVSIGCOV type="complex" size="2  2">
        <value output="Hx" input="Hx">1.930780e-7 5.124359e-17</value>
        <value output="Hx" input="Hy">6.032705e-8 -3.205000e-8</value>
        <value output="Hy" input="Hx">6.032705e-8 3.205000e-8</value>
        <value output="Hy" input="Hy">2.118220e-7 -1.874536e-16</value>
      </Z.INVSIGCOV>
      <Z.RESIDCOV type="complex" size="2  2">
        <value output="Ex" input="Ex">9.724886e2 0.000000e0</value>
        <value output="Ex" input="Ey">7.421819e1 5.649000e0</value>
        <value output="Ey" input="Ex">7.421819e1 -5.649000e0</value>
        <value output="Ey" input="Ey">4.530146e1 2.220446e-16</value>
      </Z.RESIDCOV>
      <T type="complex" size="1  2" units="[]">
        <value name="Tx" output="Hz" input="Hx">-9.868206e-3 5.532859e-3</value>
        <value name="Ty" output="Hz" input="Hy">2.310033e-1 6.715579e-2</value>
      </T>
      <T.VAR type="real" size="1  2">
        <value name="Tx" output="Hz" input="Hx">2.008011e-4</value>
        <value name="Ty" output="Hz" input="Hy">2.202949e-4</value>
      </T.VAR>
      <T.INVSIGCOV type="complex" size="1  2">
        <value output="Hx" input="Hx">1.930780e-7 5.124359e-17</value>
        <value output="Hx" input="Hy">6.032705e-8 -3.205000e-8</value>
        <value output="Hy" input="Hx">6.032705e-8 3.205000e-8</value>
        <value output="Hy" input="Hy">2.118220e-7 -1.874536e-16</value>
      </T.INVSIGCOV>
      <T.RESIDCOV type="complex" size="1  2">
        <value output="Hz" input="Hz">2.080000e3 0.000000e0</value>
      </T.RESIDCOV>
    </Period>
    <Period value="7281.77783" units="secs">
      <Z type="complex" size="2  2" units="[mV/km]/[nT]">
        <value name="Zxx" output="Ex" input="Hx">2.063460e-2 1.150349e-1</value>
        <value name="Zxy" output="Ex" input="Hy">7.126872e-1 6.398440e-1</value>
        <value name="Zyx" output="Ey" input="Hx">-8.991280e-2 -7.745602e-2</value>
        <value name="Zyy" output="Ey" input="Hy">1.826540e-2 -1.433485e-2</value>
      </Z>
      <Z.VAR type="real" size="2  2">
        <value name="Zxx" output="Ex" input="Hx">1.488528e-4</value>
        <value name="Zxy" output="Ex" input="Hy">1.136753e-4</value>
        <value name="Zyx" output="Ey" input="Hx">6.558113e-6</value>
        <value name="Zyy" output="Ey" input="Hy">5.008273e-6</value>
      </Z.VAR>
      <Z.INVSIGCOV type="complex" size="2  2">
        <value output="Hx" input="Hx">1.367031e-7 -1.152715e-16</value>
        <value output="Hx" input="Hy">3.933366e-9 -6.862000e-9</value>
        <value output="Hy" input="Hx">3.933366e-9 6.862000e-9</value>
        <value output="Hy" input="Hy">1.043969e-7 -2.276854e-17</value>
      </Z.INVSIGCOV>
      <Z.RESIDCOV type="complex" size="2  2">
        <value output="Ex" input="Ex">2.177753e3 0.000000e0</value>
        <value output="Ex" input="Ey">8.302909e1 -3.143000e1</value>
        <value output="Ey" input="Ex">8.302909e1 3.143000e1</value>
        <value output="Ey" input="Ey">9.594679e1 0.000000e0</value>
      </Z.RESIDCOV>
      <T type="complex" size="1  2" units="[]">
        <value name="Tx" output="Hz" input="Hx">-3.957147e-2 -2.315173e-2</value>
        <value name="Ty" output="Hz" input="Hy">1.894096e-1 1.246588e-1</value>
      </T>
      <T.VAR type="real" size="1  2">
        <value name="Tx" output="Hz" input="Hx">7.361463e-4</value>
        <value name="Ty" output="Hz" input="Hy">5.621772e-4</value>
      </T.VAR>
      <T.INVSIGCOV type="complex" size="1  2">
        <value output="Hx" input="Hx">1.367031e-7 -1.152715e-16</value>
        <value output="Hx" input="Hy">3.933366e-9 -6.862000e-9</value>
        <value output="Hy" input="Hx">3.933366e-9 6.862000e-9</value>
        <value output="Hy" input="Hy">1.043969e-7 -2.276854e-17</value>
      </T.INVSIGCOV>
      <T.RESIDCOV type="complex" size="1  2">
        <value output="Hz" input="Hz">1.077000e4 0.000000e0</value>
      </T.RESIDCOV>
    </Period>
    <Period value="11915.63672" units="secs">
      <Z type="complex" size="2  2" units="[mV/km]/[nT]">
        <value name="Zxx" output="Ex" input="Hx">-1.176295e-2 6.415939e-2</value>
        <value name="Zxy" output="Ex" input="Hy">6.200676e-1 4.850720e-1</value>
        <value name="Zyx" output="Ey" input="Hx">-6.962242e-2 -5.107806e-2</value>
        <value name="Zyy" output="Ey" input="Hy">2.176295e-2 -6.959388e-3</value>
      </Z>
      <Z.VAR type="real" size="2  2">
        <value name="Zxx" output="Ex" input="Hx">1.109194e-4</value>
        <value name="Zxy" output="Ex" input="Hy">1.794796e-4</value>
        <value name="Zyx" output="Ey" input="Hx">4.407298e-6</value>
        <value name="Zyy" output="Ey" input="Hy">7.131485e-6</value>
      </Z.VAR>
      <Z.INVSIGCOV type="complex" size="2  2">
        <value output="Hx" input="Hx">1.443027e-7 -7.497575e-17</value>
        <value output="Hx" input="Hy">-1.809859e-8 9.408000e-8</value>
        <value output="Hy" input="Hx">-1.809859e-8 -9.408000e-8</value>
        <value output="Hy" input="Hy">2.334973e-7 -1.368342e-16</value>
      </Z.INVSIGCOV>
      <Z.RESIDCOV type="complex" size="2  2">
        <value output="Ex" input="Ex">1.537316e3 0.000000e0</value>
        <value output="Ex" input="Ey">2.042730e0 5.266000e1</value>
        <value output="Ey" input="Ex">2.042730e0 -5.266000e1</value>
        <value output="Ey" input="Ey">6.108408e1 0.000000e0</value>
      </Z.RESIDCOV>
      <T type="complex" size="1  2" units="[]">
        <value name="Tx" output="Hz" input="Hx">3.971987e-2 1.011942e-3</value>
        <value name="Ty" output="Hz" input="Hy">2.916404e-1 2.367547e-2</value>
      </T>
      <T.VAR type="real" size="1  2">
        <value name="Tx" output="Hz" input="Hx">3.316797e-3</value>
        <value name="Ty" output="Hz" input="Hy">5.366936e-3</value>
      </T.VAR>
      <T.INVSIGCOV type="complex" size="1  2">
        <value output="Hx" input="Hx">1.443027e-7 -7.497575e-17</value>
        <value output="Hx" input="Hy">-1.809859e-8 9.408000e-8</value>
        <value output="Hy" input="Hx">-1.809859e-8 -9.408000e-8</value>
        <value output="Hy" input="Hy">2.334973e-7 -1.368342e-16</value>
      </T.INVSIGCOV>
      <T.RESIDCOV type="complex" size="1  2">
        <value output="Hz" input="Hz">4.597000e4 0.000000e0</value>
      </T.RESIDCOV>
    </Period>
    <Period value="18724.57227" units="secs">
      <Z type="complex" size="2  2" units="[mV/km]/[nT]">
        <value name="Zxx" output="Ex" input="Hx">2.392572e-2 1.241253e-4</value>
        <value name="Zxy" output="Ex" input="Hy">5.031105e-1 3.884955e-1</value>
        <value name="Zyx" output="Ey" input="Hx">-6.859952e-2 -4.721451e-2</value>
        <value name="Zyy" output="Ey" input="Hy">2.086428e-2 1.013587e-2</value>
      </Z>
      <Z.VAR type="real" size="2  2">
        <value name="Zxx" output="Ex" input="Hx">2.990429e-4</value>
        <value name="Zxy" output="Ex" input="Hy">4.316117e-4</value>
        <value name="Zyx" output="Ey" input="Hx">6.079194e-5</value>
        <value name="Zyy" output="Ey" input="Hy">8.774161e-5</value>
      </Z.VAR>
      <Z.INVSIGCOV type="complex" size="2  2">
        <value output="Hx" input="Hx">1.429618e-7 9.662780e-16</value>
        <value output="Hx" input="Hy">2.411725e-8 7.215000e-8</value>
        <value output="Hy" input="Hx">2.411725e-8 -7.215000e-8</value>
        <value output="Hy" input="Hy">2.063382e-7 1.909220e-16</value>
      </Z.INVSIGCOV>
      <Z.RESIDCOV type="complex" size="2  2">
        <value output="Ex" input="Ex">4.183536e3 0.000000e0</value>
        <value output="Ex" input="Ey">-3.744582e2 -2.238000e2</value>
        <value output="Ey" input="Ex">-3.744582e2 2.238000e2</value>
        <value output="Ey" input="Ey">8.504640e2 7.105427e-15</value>
      </Z.RESIDCOV>
      <T type="complex" size="1  2" units="[]">
        <value name="Tx" output="Hz" input="Hx">8.791075e-2 -1.937154e-1</value>
        <value name="Ty" output="Hz" input="Hy">1.505937e-1 1.186440e-4</value>
      </T>
      <T.VAR type="real" size="1  2">
        <value name="Tx" output="Hz" input="Hx">3.866402e-3</value>
        <value name="Ty" output="Hz" input="Hy">5.580417e-3</value>
      </T.VAR>
      <T.INVSIGCOV type="complex" size="1  2">
        <value output="Hx" input="Hx">1.429618e-7 9.662780e-16</value>
        <value output="Hx" input="Hy">2.411725e-8 7.215000e-8</value>
        <value output="Hy" input="Hx">2.411725e-8 -7.215000e-8</value>
        <value output="Hy" input="Hy">2.063382e-7 1.909220e-16</value>
      </T.INVSIGCOV>
      <T.RESIDCOV type="complex" size="1  2">
        <value output="Hz" input="Hz">5.409000e4 0.000000e0</value>
      </T.RESIDCOV>
    </Period>
  </Data>
  <PeriodRange min="7.31429" max="18724.57227"/>
</EM_TF>
