<?xml version="1.0" encoding="UTF-8"?>
<EM_TF>
  <Description>Magnetotelluric Transfer Functions</Description>
  <ProductId>USArray.CAP02.2010</ProductId>
  <SubType>MT_TF</SubType>
  <Notes/>
  <Tags>impedance,tipper</Tags>
  <ExternalUrl>
    <Description>IRIS DMC MetaData</Description>
    <Url>http://www.iris.edu/mda/EM/CAP02</Url>
  </ExternalUrl>
  <PrimaryData>
    <Filename>CAP02abc_N4.png</Filename>
  </PrimaryData>
  <Attachment>
    <Filename>CAP02abc_N4.zrr</Filename>
    <Description>The original used to produce the XML</Description>
  </Attachment>
  <Provenance>
    <CreateTime>2016-03-01T11:58:37</CreateTime>
    <CreatingApplication>EMTF File Conversion Utilities 3.0</CreatingApplication>
    <Creator>
      <Name>Anna Kelbert</Name>
      <Email>anya@coas.oregonstate.edu</Email>
      <Org>Oregon State University</Org>
      <OrgUrl>http://oregonstate.edu</OrgUrl>
    </Creator>
    <Submitter>
      <Name>Anna Kelbert</Name>
      <Email>akelbert@usgs.gov</Email>
      <Org>U.S. Geological Survey</Org>
      <OrgUrl>http://geomag.usgs.gov</OrgUrl>
    </Submitter>
  </Provenance>
  <Copyright>
    <Citation>
      <Title>USArray TA Magnetotelluric Transfer Functions</Title>
      <Authors>Schultz, A., G. D. Egbert, A. Kelbert, T. Peery, V. Clote, B. Fry, S. Erofeeva and staff of the National Geoelectromagnetic Facility and their contractors</Authors>
      <Year>2006-2018</Year>
      <SurveyDOI>doi:10.17611/DP/EMTF/USARRAY/TA</SurveyDOI>
    </Citation>
    <SelectedPublications>Schultz, A. (2009). EMScope: a continental scale magnetotelluric observatory and data discovery resource. Data Science Journal, 8, IGY6-IGY20.
Meqbel, N. M., Egbert, G. D., Wannamaker, P. E., Kelbert, A., &amp; Schultz, A. (2014). Deep electrical resistivity structure of the northwestern US derived from 3-D inversion of USArray magnetotelluric data. Earth and Planetary Science Letters, 402, 290-304.
Yang, B., Egbert, G. D., Kelbert, A., &amp; Meqbel, N. M. (2015). Three-dimensional electrical resistivity of the north-central USA from EarthScope long period magnetotelluric data. Earth and Planetary Science Letters, 422, 87-93.</SelectedPublications>
    <Acknowledgement>USArray MT TA project was led by PI Adam Schultz and Gary Egbert. They would like to thank the Oregon State University MT team and their contractors, lab and field personnel over the years for assistance with data collection, quality control, processing and archiving. They also thank numerous districts of the U.S. Forest Service, Bureau of Land Management, the U.S. National Parks, the collected State land offices, and the many private landowners who permitted access to acquire the MT TA data. USArray TA was funded through NSF grants EAR-0323311, IRIS Subaward 478 and 489 under NSF Cooperative Agreement EAR-0350030 and EAR-0323309, IRIS Subaward 75-MT under NSF Cooperative Agreement EAR-0733069 under CFDA No. 47.050, and IRIS Subaward 05-OSU-SAGE under NSF Cooperative Agreement EAR-1261681</Acknowledgement>
    <ReleaseStatus>Unrestricted Release</ReleaseStatus>
    <ConditionsOfUse> All data and metadata for this survey are available free of charge and may be copied freely, duplicated and further distributed provided that this data set is cited as the reference, and that the author(s) contributions are acknowledged as detailed in the Acknowledgements. Any papers cited in this file are only for reference. There is no requirement to cite these papers when the data are used. Whenever possible, we ask that the author(s) are notified prior to any publication that makes use of these data.
 While the author(s) strive to provide data and metadata of best possible quality, neither the author(s) of this data set, nor IRIS make any claims, promises, or guarantees about the accuracy, completeness, or adequacy of this information, and expressly disclaim liability for errors and omissions in the contents of this file. Guidelines about the quality or limitations of the data and metadata, as obtained from the author(s), are included for informational purposes only.</ConditionsOfUse>
    <AdditionalInfo>Since 2006, the magnetotelluric (MT) component of EarthScope&apos;s USArray has deployed instruments which measure the
Earth&apos;s naturally occurring electric and magnetic fields. Its backbone array consists of seven stations (MT BB) operated
across the United States in the years 2008-2013 as a reference network. In addition, each summer up to twenty portable
MT systems (MT TA) are deployed campaign-style occupying large footprints in areas of special interest as proposed by
the MT community (2006-2011 in the Pacific Northwest, 2011-2013 in the Mid-Continent Rift). Each MT TA site is occupied
for approximately three-weeks with a nominal 70-km grid spacing for imaging of crustal and lithospheric conductivity
structure. These data can also be integrated with other geophysical data to identify North America&apos;s thermal structure
and study the significance of fluids in the crust. The magnetic and electric time series from these deployments are
processed into transfer functions, also known as MT impedances. Both the raw time series and the transfer functions are
archived with IRIS. The USArray MT program also provides instruments and modest support (i.e. instrument preparation and
data handling) for PI-driven Flexible Array (MT FA) studies.
The MT instruments are operated and maintained by the National Geoelectromagnetic Facility at Oregon State University
under a subaward (PI Adam Schultz) from IRIS. Data from the TA network are made freely available as part of the
EarthScope USArray facility (http://www.earthscope.org), operated by Incorporated Research Institutions for Seismology
(IRIS) and supported by the National Science Foundation, under Cooperative Agreements EAR-0323309, EAR-0323311,
EAR-0733069. This project has been made possible thanks to the lab personnel at the National Geoelectromagnetic Facility
and the numerous others who have over the years assisted the MT TA data acquisition as external contractors, including
but not limited to field personnel at GSY, Zonge, and Green Geophysics, as well as Phil Wannamaker, Esteban Bowles-
Martinez, Chester Weiss, Kevin Mickus, Jan Baur, Prasanta Patro and others. The MT team at Oregon State University has
completed all data processing, archiving, and quality control. We thank numerous districts of the U.S. Forest Service
and Bureau of Land Management, U.S. National Parks, the collected State land offices, and the many private landowners
who permitted access to acquire the MT TA data.
Web links:
More information is available here: http://www.usarray.org/researchers/obs/magnetotelluric.
All USArray MT transfer functions are archived here: http://ds.iris.edu/spud/emtf.
The time series are all 1 Hz and are archived at the IRIS database. The map is here: http://ds.iris.edu/gmap/_US-MT
Metadata, including time periods, available here: http://ds.iris.edu/mda/_US-MT
Both links get updated as new data is archived, usually at the end of each field season. The time series are all there
but need to be requested from IRIS using one of the procedures described here: http://ds.iris.edu/ds/nodes/dmc/data/</AdditionalInfo>
  </Copyright>
  <Site>
    <Project>USArray</Project>
    <Survey>Transportable Array</Survey>
    <YearCollected>2010</YearCollected>
    <Country>USA</Country>
    <Id>CAP02</Id>
    <Name>Hayshed Creek, CA, USA</Name>
    <Location datum="WGS84">
      <Latitude>39.702975</Latitude>
      <Longitude>-123.064000</Longitude>
      <Elevation units="meters">1331.075</Elevation>
      <Declination epoch="1995.0">15.700</Declination>
    </Location>
    <AcquiredBy>Zonge International, Inc.</AcquiredBy>
    <Start>2010-07-01T15:52:28</Start>
    <End>2010-08-06T20:11:38</End>
    <RunList>CAP02a CAP02b CAP02c</RunList>
    <DataQualityNotes>
      <Rating>5</Rating>
      <GoodFromPeriod>10.000</GoodFromPeriod>
      <GoodToPeriod>20000.000</GoodToPeriod>
      <Comments author="Anna Kelbert">great TF from 10 to 10000 secs (or longer)</Comments>
    </DataQualityNotes>
    <DataQualityWarnings>
      <Flag>0</Flag>
      <Comments author="Anna Kelbert"></Comments>
    </DataQualityWarnings>
  </Site>
  <FieldNotes run="CAP02a">
    <Instrument>
      <Manufacturer>Barry Narod</Manufacturer>
      <Name>NIMS</Name>
      <Id>2612-11</Id>
      <Settings/>
    </Instrument>
    <Magnetometer type="fluxgate">
      <Manufacturer>Barry Narod</Manufacturer>
      <Name>NIMS</Name>
      <Id> 2612-11</Id>
      <Settings/>
    </Magnetometer>
    <Dipole name="Ex" type="wire">
      <Manufacturer>Oregon State University/Adam Schultz and Tristan Peery</Manufacturer>
      <Length units="meters">100.000</Length>
      <Azimuth units="degrees">15.700</Azimuth>
      <Electrode location="N" number="10056">Pb-PbCl2 kaolin gel Petiau 2 chamber type OSU V2.0</Electrode>
      <Electrode location="S" number="10018">Pb-PbCl2 kaolin gel Petiau 2 chamber type OSU V2.0</Electrode>
    </Dipole>
    <Dipole name="Ey" type="wire">
      <Manufacturer>Oregon State University/Adam Schultz and Tristan Peery</Manufacturer>
      <Length units="meters">100.000</Length>
      <Azimuth units="degrees">105.700</Azimuth>
      <Electrode location="E" number="10036">Pb-PbCl2 kaolin gel Petiau 2 chamber type OSU V2.0</Electrode>
      <Electrode location="W" number="10019">Pb-PbCl2 kaolin gel Petiau 2 chamber type OSU V2.0</Electrode>
    </Dipole>
    <Comments author="John Fleming">GPS not functiioning. Had to switch GPS antenna</Comments>
    <Comments author="Corey League"> Original magnetic field orientation was Hx East. Magnetic fields rotated to Hx North.</Comments>
    <Errors></Errors>
    <SamplingRate units="Hz">1.000</SamplingRate>
    <Start>2010-07-01T15:52:28</Start>
    <End>2010-07-01T16:52:18</End>
  </FieldNotes>
  <FieldNotes run="CAP02b">
    <Instrument>
      <Manufacturer>Barry Narod</Manufacturer>
      <Name>NIMS</Name>
      <Id>2612-11</Id>
      <Settings/>
    </Instrument>
    <Magnetometer type="fluxgate">
      <Manufacturer>Barry Narod</Manufacturer>
      <Name>NIMS</Name>
      <Id> 2612-11</Id>
      <Settings/>
    </Magnetometer>
    <Dipole name="Ex" type="wire">
      <Manufacturer>Oregon State University/Adam Schultz and Tristan Peery</Manufacturer>
      <Length units="meters">100.000</Length>
      <Azimuth units="degrees">15.700</Azimuth>
      <Electrode location="N" number="10056">Pb-PbCl2 kaolin gel Petiau 2 chamber type OSU V2.0</Electrode>
      <Electrode location="S" number="10018">Pb-PbCl2 kaolin gel Petiau 2 chamber type OSU V2.0</Electrode>
    </Dipole>
    <Dipole name="Ey" type="wire">
      <Manufacturer>Oregon State University/Adam Schultz and Tristan Peery</Manufacturer>
      <Length units="meters">100.000</Length>
      <Azimuth units="degrees">105.700</Azimuth>
      <Electrode location="E" number="10031">Pb-PbCl2 kaolin gel Petiau 2 chamber type OSU V2.0</Electrode>
      <Electrode location="W" number="10019">Pb-PbCl2 kaolin gel Petiau 2 chamber type OSU V2.0</Electrode>
    </Dipole>
    <Comments author="John Fleming">Station is located on abandoned logging road.Station is behind a locked gate on private property.</Comments>
    <Comments author="Aaron C">When field crew got to site, we noticed the GPS was torn out. There were no car or ATV tracks around, making us believe it was an animal. Additionally, the south wire had a cut in it about 25 meters down the line. When processing the data, received polarity warning. Double checked the wiring and canon plug Original magnetic field orientation was Hx East. Magnetic fields rotated to Hx North.</Comments>
    <Errors></Errors>
    <SamplingRate units="Hz">1.000</SamplingRate>
    <Start>2010-07-01T17:27:28</Start>
    <End>2010-07-24T18:09:20</End>
  </FieldNotes>
  <FieldNotes run="CAP02c">
    <Instrument>
      <Manufacturer>Barry Narod</Manufacturer>
      <Name>NIMS</Name>
      <Id>2612-11</Id>
      <Settings/>
    </Instrument>
    <Magnetometer type="fluxgate">
      <Manufacturer>Barry Narod</Manufacturer>
      <Name>NIMS</Name>
      <Id> 2612-11</Id>
      <Settings/>
    </Magnetometer>
    <Dipole name="Ex" type="wire">
      <Manufacturer>Oregon State University/Adam Schultz and Tristan Peery</Manufacturer>
      <Length units="meters">100.000</Length>
      <Azimuth units="degrees">15.700</Azimuth>
      <Electrode location="N" number="10056">Pb-PbCl2 kaolin gel Petiau 2 chamber type OSU V2.0</Electrode>
      <Electrode location="S" number="10018">Pb-PbCl2 kaolin gel Petiau 2 chamber type OSU V2.0</Electrode>
    </Dipole>
    <Dipole name="Ey" type="wire">
      <Manufacturer>Oregon State University/Adam Schultz and Tristan Peery</Manufacturer>
      <Length units="meters">100.000</Length>
      <Azimuth units="degrees">105.700</Azimuth>
      <Electrode location="E" number="10031">Pb-PbCl2 kaolin gel Petiau 2 chamber type OSU V2.0</Electrode>
      <Electrode location="W" number="10019">Pb-PbCl2 kaolin gel Petiau 2 chamber type OSU V2.0</Electrode>
    </Dipole>
    <Comments author="Aaron Cooper">On abandoned logging road behind locked gate.</Comments>
    <Comments author="Aaron Cooper; Anna Kelbert"> 1) Magnetometer orientated with Hx near 0nT. 2) For some reason, they were not able to run dnff on this file. 3) Original magnetic field orientation was Hx East. Magnetic field rotated to Hx North.</Comments>
    <Errors></Errors>
    <SamplingRate units="Hz">1.000</SamplingRate>
    <Start>2010-07-24T18:51:49</Start>
    <End>2010-08-06T20:11:38</End>
  </FieldNotes>
  <ProcessingInfo>
    <SignConvention>exp(+ i\omega t)</SignConvention>
    <RemoteRef type="Robust Remote Reference"/>
    <RemoteInfo>
      <Site>
        <Project>USArray</Project>
        <Survey>Transportable Array</Survey>
        <YearCollected>2010</YearCollected>
        <Country>USA</Country>
        <Id>CAN04</Id>
        <Name>Burney Mt, CA, USA</Name>
        <Location datum="WGS84">
          <Latitude>40.819400</Latitude>
          <Longitude>-121.572000</Longitude>
          <Elevation units="meters">1346.506</Elevation>
        </Location>
      </Site>
      <FieldNotes run="CAN04a">
        <Instrument>
          <Manufacturer>Barry Narod</Manufacturer>
          <Name>NIMS</Name>
          <Id>2612-07</Id>
          <Settings/>
        </Instrument>
        <Dipole name="Ex">
          <Length units="meters">100.000</Length>
        </Dipole>
        <Dipole name="Ey">
          <Length units="meters">100.000</Length>
        </Dipole>
        <Comments author="Tim Nordstrom">No apparant culture</Comments>
        <Comments author="Aaron Cooper">Received warning that polarities could be reversed. Double checked everything. Knotted wires appear ok. Perhaps canon plug miswired.  Original magnetic field orientation was Hx West. Magnetic fields rotated to Hx North.</Comments>
        <Errors></Errors>
        <SamplingRate units="Hz">1.000</SamplingRate>
        <Start>2010-07-02T23:52:29</Start>
        <End>2010-07-03T00:51:43</End>
      </FieldNotes>
      <FieldNotes run="CAN04b">
        <Instrument>
          <Manufacturer>Barry Narod</Manufacturer>
          <Name>NIMS</Name>
          <Id>2612-07</Id>
          <Settings/>
        </Instrument>
        <Dipole name="Ex">
          <Length units="meters">100.000</Length>
        </Dipole>
        <Dipole name="Ey">
          <Length units="meters">100.000</Length>
        </Dipole>
        <Comments author="Aaron Cooper">Double checked polarity again after second warning. Original magnetic field orientation was Hx West. Magnetic fields rotated to Hx North.</Comments>
        <Errors>Found data gaps (3). Of these, 3 duplicate blocks [deleted].] ]</Errors>
        <SamplingRate units="Hz">1.000</SamplingRate>
        <Start>2010-07-03T01:06:27</Start>
        <End>2010-07-14T16:21:18</End>
      </FieldNotes>
      <FieldNotes run="CAN04c">
        <Instrument>
          <Manufacturer>Barry Narod</Manufacturer>
          <Name>NIMS</Name>
          <Id>2612-07</Id>
          <Settings/>
        </Instrument>
        <Dipole name="Ex">
          <Length units="meters">100.000</Length>
        </Dipole>
        <Dipole name="Ey">
          <Length units="meters">100.000</Length>
        </Dipole>
        <Comments author="Aaron C">Low gains because of small road about 120 m  away</Comments>
        <Comments author="Aaron C"> Original magnetic field orientation was Hx West. Magnetic fields rotated to Hx North.</Comments>
        <Errors></Errors>
        <SamplingRate units="Hz">1.000</SamplingRate>
        <Start>2010-07-14T17:27:07</Start>
        <End>2010-08-20T06:19:46</End>
      </FieldNotes>
      <FieldNotes run="CAN04d">
        <Instrument>
          <Manufacturer>Barry Narod</Manufacturer>
          <Name>NIMS</Name>
          <Id>2612-07</Id>
          <Settings/>
        </Instrument>
        <Dipole name="Ex">
          <Length units="meters">100.000</Length>
        </Dipole>
        <Dipole name="Ey">
          <Length units="meters">100.000</Length>
        </Dipole>
        <Comments author="Aaron C">Added new electrodes and salted holes and kaolin. Small road 120mEast 
 a</Comments>
        <Comments author="Aaron C">North wire cut through by an animal. Splicing wire and starting another run. Polarity reversal warning. Magnetometer is oriented with Hx near 0 nT. We can</Comments>
        <Errors></Errors>
        <SamplingRate units="Hz">1.000</SamplingRate>
        <Start>2010-08-26T23:09:01</Start>
        <End>2010-09-06T17:27:41</End>
      </FieldNotes>
      <FieldNotes run="CAN04e">
        <Instrument>
          <Manufacturer>Barry Narod</Manufacturer>
          <Name>NIMS</Name>
          <Id>2612-07</Id>
          <Settings/>
        </Instrument>
        <Dipole name="Ex">
          <Length units="meters">100.000</Length>
        </Dipole>
        <Dipole name="Ey">
          <Length units="meters">100.000</Length>
        </Dipole>
        <Comments author="Aaron C">Wire was cut on previous run so we spliced and added saltwater</Comments>
        <Comments author="Aaron C">Polarity warning. Magnetometer pointing west. Original magnetic field orientation was Hx West. Magnetic fields rotated to Hx North.</Comments>
        <Errors></Errors>
        <SamplingRate units="Hz">1.000</SamplingRate>
        <Start>2010-09-06T18:50:18</Start>
        <End>2010-09-22T15:48:34</End>
      </FieldNotes>
    </RemoteInfo>
    <ProcessedBy>Anna Kelbert</ProcessedBy>
    <ProcessingSoftware>
      <Name>EMTF</Name>
      <LastMod>2009-07-15</LastMod>
      <Author>Gary Egbert</Author>
    </ProcessingSoftware>
    <ProcessingTag>CAP02abc_N4</ProcessingTag>
  </ProcessingInfo>
  <StatisticalEstimates>
    <Estimate name="VAR" type="real">
      <Description>Variance</Description>
      <ExternalUrl>http://www.iris.edu/dms/products/emtf/variance.html</ExternalUrl>
      <Intention>error estimate</Intention>
      <Tag>variance</Tag>
    </Estimate>
    <Estimate name="COV" type="complex">
      <Description>Full covariance between each two TF components</Description>
      <ExternalUrl>http://www.iris.edu/dms/products/emtf/covariance.html</ExternalUrl>
      <Intention>error estimate</Intention>
      <Tag>covariance</Tag>
    </Estimate>
    <Estimate name="INVSIGCOV" type="complex">
      <Description>Inverse Coherent Signal Power Matrix (S)</Description>
      <ExternalUrl>http://www.iris.edu/dms/products/emtf/inverse_signal_covariance.html</ExternalUrl>
      <Intention>signal power estimate</Intention>
      <Tag>inverse_signal_covariance</Tag>
    </Estimate>
    <Estimate name="RESIDCOV" type="complex">
      <Description>Residual Covariance (N)</Description>
      <ExternalUrl>http://www.iris.edu/dms/products/emtf/residual_covariance.html</ExternalUrl>
      <Intention>error estimate</Intention>
      <Tag>residual_covariance</Tag>
    </Estimate>
    <Estimate name="COH" type="complex">
      <Description>Coherence</Description>
      <ExternalUrl>http://www.iris.edu/dms/products/emtf/coherence.html</ExternalUrl>
      <Intention>signal coherence</Intention>
      <Tag>coherence</Tag>
    </Estimate>
    <Estimate name="PREDCOH" type="complex">
      <Description>Multiple Coherence</Description>
      <ExternalUrl>http://www.iris.edu/dms/products/emtf/multiple_coherence.html</ExternalUrl>
      <Intention>signal coherence</Intention>
      <Tag>multiple_coherence</Tag>
    </Estimate>
    <Estimate name="SIGAMP" type="complex">
      <Description>Signal Amplitude</Description>
      <ExternalUrl>http://www.iris.edu/dms/products/emtf/signal_amplitude.html</ExternalUrl>
      <Intention>signal power estimate</Intention>
      <Tag>signal_amplitude</Tag>
    </Estimate>
    <Estimate name="SIGNOISE" type="complex">
      <Description>Signal Noise</Description>
      <ExternalUrl>http://www.iris.edu/dms/products/emtf/signal_noise.html</ExternalUrl>
      <Intention>error estimate</Intention>
      <Tag>signal_noise</Tag>
    </Estimate>
  </StatisticalEstimates>
  <DataTypes>
    <DataType name="Z" type="complex" output="E" input="H" units="[mV/km]/[nT]">
      <Description>MT impedance</Description>
      <ExternalUrl>http://www.iris.edu/dms/products/emtf/impedance.html</ExternalUrl>
      <Intention>primary data type</Intention>
      <Tag>impedance</Tag>
    </DataType>
    <DataType name="T" type="complex" output="H" input="H" units="[]">
      <Description>Vertical Field Transfer Functions (Tipper)</Description>
      <ExternalUrl>http://www.iris.edu/dms/products/emtf/tipper.html</ExternalUrl>
      <Intention>primary data type</Intention>
      <Tag>tipper</Tag>
    </DataType>
  </DataTypes>
  <InputChannels ref="site" units="m">
    <Magnetic name="Hx" orientation="0.0" x="0.0" y="0.0" z="0.0"/>
    <Magnetic name="Hy" orientation="90.0" x="0.0" y="0.0" z="0.0"/>
  </InputChannels>
  <OutputChannels ref="site" units="m">
    <Magnetic name="Hz" orientation="0.0" x="0.0" y="0.0" z="0.0"/>
    <Electric name="Ex" orientation="0.0" x="-50.0" y="0.0" z="0.0" x2="50.0" y2="0.0" z2="0.0"/>
    <Electric name="Ey" orientation="90.0" x="0.0" y="-50.0" z="0.0" x2="0.0" y2="50.0" z2="0.0"/>
  </OutputChannels>
  <Data count="30">
    <Period value="7.31429" units="secs">
      <Z type="complex" size="2  2" units="[mV/km]/[nT]">
        <value name="Zxx" output="Ex" input="Hx">-1.633231e0 -2.862127e0</value>
        <value name="Zxy" output="Ex" input="Hy">3.465673e0 4.962569e0</value>
        <value name="Zyx" output="Ey" input="Hx">-3.364327e0 -4.486431e0</value>
        <value name="Zyy" output="Ey" input="Hy">6.997314e-1 2.110127e0</value>
      </Z>
      <Z.VAR type="real" size="2  2">
        <value name="Zxx" output="Ex" input="Hx">1.729436e-4</value>
        <value name="Zxy" output="Ex" input="Hy">4.442086e-4</value>
        <value name="Zyx" output="Ey" input="Hx">8.338767e-5</value>
        <value name="Zyy" output="Ey" input="Hy">2.141827e-4</value>
      </Z.VAR>
      <Z.INVSIGCOV type="complex" size="2  2">
        <value output="Hx" input="Hx">5.767381e0 -2.918420e-8</value>
        <value output="Hx" input="Hy">-7.099271e0 2.626000e0</value>
        <value output="Hy" input="Hx">-7.099271e0 -2.626000e0</value>
        <value output="Hy" input="Hy">1.481362e1 6.658420e-8</value>
      </Z.INVSIGCOV>
      <Z.RESIDCOV type="complex" size="2  2">
        <value output="Ex" input="Ex">5.997301e-5 0.000000e0</value>
        <value output="Ex" input="Ey">3.524130e-5 -3.323000e-6</value>
        <value output="Ey" input="Ex">3.524130e-5 3.323000e-6</value>
        <value output="Ey" input="Ey">2.891699e-5 -1.058791e-22</value>
      </Z.RESIDCOV>
      <T type="complex" size="1  2" units="[]">
        <value name="Tx" output="Hz" input="Hx">5.836945e-2 -1.590838e-2</value>
        <value name="Ty" output="Hz" input="Hy">1.257877e-1 -1.793978e-1</value>
      </T>
      <T.VAR type="real" size="1  2">
        <value name="Tx" output="Hz" input="Hx">2.245242e-6</value>
        <value name="Ty" output="Hz" input="Hy">5.766942e-6</value>
      </T.VAR>
      <T.INVSIGCOV type="complex" size="1  2">
        <value output="Hx" input="Hx">5.767381e0 -2.918420e-8</value>
        <value output="Hx" input="Hy">-7.099271e0 2.626000e0</value>
        <value output="Hy" input="Hx">-7.099271e0 -2.626000e0</value>
        <value output="Hy" input="Hy">1.481362e1 6.658420e-8</value>
      </T.INVSIGCOV>
      <T.RESIDCOV type="complex" size="1  2">
        <value output="Hz" input="Hz">7.786000e-7 0.000000e0</value>
      </T.RESIDCOV>
    </Period>
    <Period value="9.14286" units="secs">
      <Z type="complex" size="2  2" units="[mV/km]/[nT]">
        <value name="Zxx" output="Ex" input="Hx">-1.665346e0 -2.850471e0</value>
        <value name="Zxy" output="Ex" input="Hy">3.251017e0 5.437678e0</value>
        <value name="Zyx" output="Ey" input="Hx">-3.017983e0 -4.173322e0</value>
        <value name="Zyy" output="Ey" input="Hy">1.252246e0 2.258471e0</value>
      </Z>
      <Z.VAR type="real" size="2  2">
        <value name="Zxx" output="Ex" input="Hx">2.621651e-3</value>
        <value name="Zxy" output="Ex" input="Hy">6.301086e-3</value>
        <value name="Zyx" output="Ey" input="Hx">1.169001e-3</value>
        <value name="Zyy" output="Ey" input="Hy">2.809672e-3</value>
      </Z.VAR>
      <Z.INVSIGCOV type="complex" size="2  2">
        <value output="Hx" input="Hx">3.132382e0 5.149356e-8</value>
        <value output="Hx" input="Hy">-1.969819e0 9.468000e-1</value>
        <value output="Hy" input="Hx">-1.969819e0 -9.468000e-1</value>
        <value output="Hy" input="Hy">7.528618e0 1.248544e-8</value>
      </Z.INVSIGCOV>
      <Z.RESIDCOV type="complex" size="2  2">
        <value output="Ex" input="Ex">1.673902e-3 8.470329e-22</value>
        <value output="Ex" input="Ey">9.980887e-4 2.266000e-5</value>
        <value output="Ey" input="Ex">9.980887e-4 -2.266000e-5</value>
        <value output="Ey" input="Ey">7.463977e-4 0.000000e0</value>
      </Z.RESIDCOV>
      <T type="complex" size="1  2" units="[]">
        <value name="Tx" output="Hz" input="Hx">5.578919e-2 -2.784944e-2</value>
        <value name="Ty" output="Hz" input="Hy">3.030010e-1 -1.313360e-1</value>
      </T>
      <T.VAR type="real" size="1  2">
        <value name="Tx" output="Hz" input="Hx">3.483209e-5</value>
        <value name="Ty" output="Hz" input="Hy">8.371823e-5</value>
      </T.VAR>
      <T.INVSIGCOV type="complex" size="1  2">
        <value output="Hx" input="Hx">3.132382e0 5.149356e-8</value>
        <value output="Hx" input="Hy">-1.969819e0 9.468000e-1</value>
        <value output="Hy" input="Hx">-1.969819e0 -9.468000e-1</value>
        <value output="Hy" input="Hy">7.528618e0 1.248544e-8</value>
      </T.INVSIGCOV>
      <T.RESIDCOV type="complex" size="1  2">
        <value output="Hz" input="Hz">2.224000e-5 0.000000e0</value>
      </T.RESIDCOV>
    </Period>
    <Period value="11.63636" units="secs">
      <Z type="complex" size="2  2" units="[mV/km]/[nT]">
        <value name="Zxx" output="Ex" input="Hx">-1.552374e0 -2.477781e0</value>
        <value name="Zxy" output="Ex" input="Hy">2.936097e0 4.746973e0</value>
        <value name="Zyx" output="Ey" input="Hx">-2.696903e0 -3.381027e0</value>
        <value name="Zyy" output="Ey" input="Hy">1.220774e0 2.082781e0</value>
      </Z>
      <Z.VAR type="real" size="2  2">
        <value name="Zxx" output="Ex" input="Hx">5.603808e-4</value>
        <value name="Zxy" output="Ex" input="Hy">6.590396e-4</value>
        <value name="Zyx" output="Ey" input="Hx">2.534650e-4</value>
        <value name="Zyy" output="Ey" input="Hy">2.980892e-4</value>
      </Z.VAR>
      <Z.INVSIGCOV type="complex" size="2  2">
        <value output="Hx" input="Hx">8.001630e-1 -1.066123e-8</value>
        <value output="Hx" input="Hy">-4.842106e-1 -5.028000e-2</value>
        <value output="Hy" input="Hx">-4.842106e-1 5.028000e-2</value>
        <value output="Hy" input="Hy">9.410370e-1 4.944235e-9</value>
      </Z.INVSIGCOV>
      <Z.RESIDCOV type="complex" size="2  2">
        <value output="Ex" input="Ex">1.400667e-3 0.000000e0</value>
        <value output="Ex" input="Ey">8.493248e-4 3.099000e-5</value>
        <value output="Ey" input="Ex">8.493248e-4 -3.099000e-5</value>
        <value output="Ey" input="Ey">6.335334e-4 0.000000e0</value>
      </Z.RESIDCOV>
      <T type="complex" size="1  2" units="[]">
        <value name="Tx" output="Hz" input="Hx">3.362356e-2 -2.167673e-2</value>
        <value name="Ty" output="Hz" input="Hy">1.235064e-1 -3.000684e-3</value>
      </T>
      <T.VAR type="real" size="1  2">
        <value name="Tx" output="Hz" input="Hx">8.469725e-6</value>
        <value name="Ty" output="Hz" input="Hy">9.960877e-6</value>
      </T.VAR>
      <T.INVSIGCOV type="complex" size="1  2">
        <value output="Hx" input="Hx">8.001630e-1 -1.066123e-8</value>
        <value output="Hx" input="Hy">-4.842106e-1 -5.028000e-2</value>
        <value output="Hy" input="Hx">-4.842106e-1 5.028000e-2</value>
        <value output="Hy" input="Hy">9.410370e-1 4.944235e-9</value>
      </T.INVSIGCOV>
      <T.RESIDCOV type="complex" size="1  2">
        <value output="Hz" input="Hz">2.117000e-5 0.000000e0</value>
      </T.RESIDCOV>
    </Period>
    <Period value="15.05882" units="secs">
      <Z type="complex" size="2  2" units="[mV/km]/[nT]">
        <value name="Zxx" output="Ex" input="Hx">-1.242707e0 -2.064898e0</value>
        <value name="Zxy" output="Ex" input="Hy">2.394710e0 4.052635e0</value>
        <value name="Zyx" output="Ey" input="Hx">-2.225290e0 -3.078365e0</value>
        <value name="Zyy" output="Ey" input="Hy">9.365068e-1 1.814898e0</value>
      </Z>
      <Z.VAR type="real" size="2  2">
        <value name="Zxx" output="Ex" input="Hx">1.821613e-4</value>
        <value name="Zxy" output="Ex" input="Hy">3.077930e-4</value>
        <value name="Zyx" output="Ey" input="Hx">8.784418e-5</value>
        <value name="Zyy" output="Ey" input="Hy">1.484279e-4</value>
      </Z.VAR>
      <Z.INVSIGCOV type="complex" size="2  2">
        <value output="Hx" input="Hx">6.304857e-2 -4.368072e-10</value>
        <value output="Hx" input="Hy">-3.177022e-2 1.696000e-2</value>
        <value output="Hy" input="Hx">-3.177022e-2 -1.696000e-2</value>
        <value output="Hy" input="Hy">1.065314e-1 2.820724e-11</value>
      </Z.INVSIGCOV>
      <Z.RESIDCOV type="complex" size="2  2">
        <value output="Ex" input="Ex">5.778444e-3 0.000000e0</value>
        <value output="Ex" input="Ey">3.580808e-3 8.910000e-6</value>
        <value output="Ey" input="Ex">3.580808e-3 -8.910000e-6</value>
        <value output="Ey" input="Ey">2.786556e-3 4.235165e-22</value>
      </Z.RESIDCOV>
      <T type="complex" size="1  2" units="[]">
        <value name="Tx" output="Hz" input="Hx">2.153447e-2 -2.129403e-2</value>
        <value name="Ty" output="Hz" input="Hy">1.235362e-1 1.470650e-2</value>
      </T>
      <T.VAR type="real" size="1  2">
        <value name="Tx" output="Hz" input="Hx">3.814439e-6</value>
        <value name="Ty" output="Hz" input="Hy">6.445151e-6</value>
      </T.VAR>
      <T.INVSIGCOV type="complex" size="1  2">
        <value output="Hx" input="Hx">6.304857e-2 -4.368072e-10</value>
        <value output="Hx" input="Hy">-3.177022e-2 1.696000e-2</value>
        <value output="Hy" input="Hx">-3.177022e-2 -1.696000e-2</value>
        <value output="Hy" input="Hy">1.065314e-1 2.820724e-11</value>
      </T.INVSIGCOV>
      <T.RESIDCOV type="complex" size="1  2">
        <value output="Hz" input="Hz">1.210000e-4 0.000000e0</value>
      </T.RESIDCOV>
    </Period>
    <Period value="19.69231" units="secs">
      <Z type="complex" size="2  2" units="[mV/km]/[nT]">
        <value name="Zxx" output="Ex" input="Hx">-9.545453e-1 -1.672725e0</value>
        <value name="Zxy" output="Ex" input="Hy">1.880100e0 3.389582e0</value>
        <value name="Zyx" output="Ey" input="Hx">-1.720900e0 -2.590418e0</value>
        <value name="Zyy" output="Ey" input="Hy">7.289453e-1 1.421025e0</value>
      </Z>
      <Z.VAR type="real" size="2  2">
        <value name="Zxx" output="Ex" input="Hx">7.090855e-6</value>
        <value name="Zxy" output="Ex" input="Hy">4.189816e-5</value>
        <value name="Zyx" output="Ey" input="Hx">3.484076e-6</value>
        <value name="Zyy" output="Ey" input="Hy">2.058657e-5</value>
      </Z.VAR>
      <Z.INVSIGCOV type="complex" size="2  2">
        <value output="Hx" input="Hx">1.910039e-3 5.771984e-11</value>
        <value output="Hx" input="Hy">-1.978058e-3 9.316000e-4</value>
        <value output="Hy" input="Hx">-1.978058e-3 -9.316000e-4</value>
        <value output="Hy" input="Hy">1.128596e-2 3.592016e-11</value>
      </Z.INVSIGCOV>
      <Z.RESIDCOV type="complex" size="2  2">
        <value output="Ex" input="Ex">7.424827e-3 0.000000e0</value>
        <value output="Ex" input="Ey">4.529123e-3 6.466000e-5</value>
        <value output="Ey" input="Ex">4.529123e-3 -6.466000e-5</value>
        <value output="Ey" input="Ey">3.648173e-3 0.000000e0</value>
      </Z.RESIDCOV>
      <T type="complex" size="1  2" units="[]">
        <value name="Tx" output="Hz" input="Hx">1.452979e-2 -7.441256e-2</value>
        <value name="Ty" output="Hz" input="Hy">1.102448e-1 1.037085e-2</value>
      </T>
      <T.VAR type="real" size="1  2">
        <value name="Tx" output="Hz" input="Hx">2.305417e-7</value>
        <value name="Ty" output="Hz" input="Hy">1.362215e-6</value>
      </T.VAR>
      <T.INVSIGCOV type="complex" size="1  2">
        <value output="Hx" input="Hx">1.910039e-3 5.771984e-11</value>
        <value output="Hx" input="Hy">-1.978058e-3 9.316000e-4</value>
        <value output="Hy" input="Hx">-1.978058e-3 -9.316000e-4</value>
        <value output="Hy" input="Hy">1.128596e-2 3.592016e-11</value>
      </T.INVSIGCOV>
      <T.RESIDCOV type="complex" size="1  2">
        <value output="Hz" input="Hz">2.414000e-4 0.000000e0</value>
      </T.RESIDCOV>
    </Period>
    <Period value="25.60000" units="secs">
      <Z type="complex" size="2  2" units="[mV/km]/[nT]">
        <value name="Zxx" output="Ex" input="Hx">-7.877514e-1 -1.408836e0</value>
        <value name="Zxy" output="Ex" input="Hy">1.475501e0 2.881909e0</value>
        <value name="Zyx" output="Ey" input="Hx">-1.424499e0 -2.280091e0</value>
        <value name="Zyy" output="Ey" input="Hy">5.528514e-1 1.186736e0</value>
      </Z>
      <Z.VAR type="real" size="2  2">
        <value name="Zxx" output="Ex" input="Hx">3.103113e-5</value>
        <value name="Zxy" output="Ex" input="Hy">1.662022e-4</value>
        <value name="Zyx" output="Ey" input="Hx">1.627694e-5</value>
        <value name="Zyy" output="Ey" input="Hy">8.717905e-5</value>
      </Z.VAR>
      <Z.INVSIGCOV type="complex" size="2  2">
        <value output="Hx" input="Hx">9.906411e-4 -3.584693e-11</value>
        <value output="Hx" input="Hy">-6.892795e-4 1.774000e-4</value>
        <value output="Hy" input="Hx">-6.892795e-4 -1.774000e-4</value>
        <value output="Hy" input="Hy">5.305859e-3 -2.963308e-11</value>
      </Z.INVSIGCOV>
      <Z.RESIDCOV type="complex" size="2  2">
        <value output="Ex" input="Ex">6.264857e-2 0.000000e0</value>
        <value output="Ex" input="Ey">3.860309e-2 2.578000e-4</value>
        <value output="Ey" input="Ex">3.860309e-2 -2.578000e-4</value>
        <value output="Ey" input="Ey">3.286143e-2 0.000000e0</value>
      </Z.RESIDCOV>
      <T type="complex" size="1  2" units="[]">
        <value name="Tx" output="Hz" input="Hx">4.436301e-2 -6.140080e-2</value>
        <value name="Ty" output="Hz" input="Hy">1.047009e-1 2.852930e-2</value>
      </T>
      <T.VAR type="real" size="1  2">
        <value name="Tx" output="Hz" input="Hx">1.436925e-6</value>
        <value name="Ty" output="Hz" input="Hy">7.696148e-6</value>
      </T.VAR>
      <T.INVSIGCOV type="complex" size="1  2">
        <value output="Hx" input="Hx">9.906411e-4 -3.584693e-11</value>
        <value output="Hx" input="Hy">-6.892795e-4 1.774000e-4</value>
        <value output="Hy" input="Hx">-6.892795e-4 -1.774000e-4</value>
        <value output="Hy" input="Hy">5.305859e-3 -2.963308e-11</value>
      </T.INVSIGCOV>
      <T.RESIDCOV type="complex" size="1  2">
        <value output="Hz" input="Hz">2.901000e-3 0.000000e0</value>
      </T.RESIDCOV>
    </Period>
    <Period value="33.03226" units="secs">
      <Z type="complex" size="2  2" units="[mV/km]/[nT]">
        <value name="Zxx" output="Ex" input="Hx">-7.144549e-1 -1.147965e0</value>
        <value name="Zxy" output="Ex" input="Hy">1.141350e0 2.400026e0</value>
        <value name="Zyx" output="Ey" input="Hx">-1.214050e0 -1.891974e0</value>
        <value name="Zyy" output="Ey" input="Hy">4.230549e-1 9.908652e-1</value>
      </Z>
      <Z.VAR type="real" size="2  2">
        <value name="Zxx" output="Ex" input="Hx">2.047197e-5</value>
        <value name="Zxy" output="Ex" input="Hy">6.033555e-5</value>
        <value name="Zyx" output="Ey" input="Hx">1.106397e-5</value>
        <value name="Zyy" output="Ey" input="Hy">3.260803e-5</value>
      </Z.VAR>
      <Z.INVSIGCOV type="complex" size="2  2">
        <value output="Hx" input="Hx">7.776092e-4 3.744257e-12</value>
        <value output="Hx" input="Hy">-9.612975e-5 -6.536000e-5</value>
        <value output="Hy" input="Hx">-9.612975e-5 6.536000e-5</value>
        <value output="Hy" input="Hy">2.291791e-3 8.214430e-13</value>
      </Z.INVSIGCOV>
      <Z.RESIDCOV type="complex" size="2  2">
        <value output="Ex" input="Ex">5.265363e-2 0.000000e0</value>
        <value output="Ex" input="Ey">3.222245e-2 -3.530000e-5</value>
        <value output="Ey" input="Ex">3.222245e-2 3.530000e-5</value>
        <value output="Ey" input="Ey">2.845637e-2 0.000000e0</value>
      </Z.RESIDCOV>
      <T type="complex" size="1  2" units="[]">
        <value name="Tx" output="Hz" input="Hx">4.048374e-2 -3.435131e-2</value>
        <value name="Ty" output="Hz" input="Hy">8.221211e-2 2.985849e-2</value>
      </T>
      <T.VAR type="real" size="1  2">
        <value name="Tx" output="Hz" input="Hx">1.328934e-6</value>
        <value name="Ty" output="Hz" input="Hy">3.916671e-6</value>
      </T.VAR>
      <T.INVSIGCOV type="complex" size="1  2">
        <value output="Hx" input="Hx">7.776092e-4 3.744257e-12</value>
        <value output="Hx" input="Hy">-9.612975e-5 -6.536000e-5</value>
        <value output="Hy" input="Hx">-9.612975e-5 6.536000e-5</value>
        <value output="Hy" input="Hy">2.291791e-3 8.214430e-13</value>
      </T.INVSIGCOV>
      <T.RESIDCOV type="complex" size="1  2">
        <value output="Hz" input="Hz">3.418000e-3 0.000000e0</value>
      </T.RESIDCOV>
    </Period>
    <Period value="42.66667" units="secs">
      <Z type="complex" size="2  2" units="[mV/km]/[nT]">
        <value name="Zxx" output="Ex" input="Hx">-6.376236e-1 -9.293648e-1</value>
        <value name="Zxy" output="Ex" input="Hy">9.169638e-1 1.946174e0</value>
        <value name="Zyx" output="Ey" input="Hx">-1.041236e0 -1.539826e0</value>
        <value name="Zyy" output="Ey" input="Hy">3.333237e-1 7.887648e-1</value>
      </Z>
      <Z.VAR type="real" size="2  2">
        <value name="Zxx" output="Ex" input="Hx">1.161928e-5</value>
        <value name="Zxy" output="Ex" input="Hy">2.561335e-5</value>
        <value name="Zyx" output="Ey" input="Hx">6.487552e-6</value>
        <value name="Zyy" output="Ey" input="Hy">1.430105e-5</value>
      </Z.VAR>
      <Z.INVSIGCOV type="complex" size="2  2">
        <value output="Hx" input="Hx">4.956023e-4 1.731980e-12</value>
        <value output="Hx" input="Hy">-3.303156e-5 -2.235000e-5</value>
        <value output="Hy" input="Hx">-3.303156e-5 2.235000e-5</value>
        <value output="Hy" input="Hy">1.092498e-3 5.660020e-12</value>
      </Z.INVSIGCOV>
      <Z.RESIDCOV type="complex" size="2  2">
        <value output="Ex" input="Ex">4.688953e-2 0.000000e0</value>
        <value output="Ex" input="Ey">2.838121e-2 -1.244000e-4</value>
        <value output="Ey" input="Ex">2.838121e-2 1.244000e-4</value>
        <value output="Ey" input="Ey">2.618047e-2 -6.776264e-21</value>
      </Z.RESIDCOV>
      <T type="complex" size="1  2" units="[]">
        <value name="Tx" output="Hz" input="Hx">3.504102e-2 -3.149318e-2</value>
        <value name="Ty" output="Hz" input="Hy">6.735501e-2 2.560314e-2</value>
      </T>
      <T.VAR type="real" size="1  2">
        <value name="Tx" output="Hz" input="Hx">1.075457e-6</value>
        <value name="Ty" output="Hz" input="Hy">2.370720e-6</value>
      </T.VAR>
      <T.INVSIGCOV type="complex" size="1  2">
        <value output="Hx" input="Hx">4.956023e-4 1.731980e-12</value>
        <value output="Hx" input="Hy">-3.303156e-5 -2.235000e-5</value>
        <value output="Hy" input="Hx">-3.303156e-5 2.235000e-5</value>
        <value output="Hy" input="Hy">1.092498e-3 5.660020e-12</value>
      </T.INVSIGCOV>
      <T.RESIDCOV type="complex" size="1  2">
        <value output="Hz" input="Hz">4.340000e-3 0.000000e0</value>
      </T.RESIDCOV>
    </Period>
    <Period value="53.89474" units="secs">
      <Z type="complex" size="2  2" units="[mV/km]/[nT]">
        <value name="Zxx" output="Ex" input="Hx">-5.833396e-1 -7.706249e-1</value>
        <value name="Zxy" output="Ex" input="Hy">7.908117e-1 1.579528e0</value>
        <value name="Zyx" output="Ey" input="Hx">-9.266883e-1 -1.276272e0</value>
        <value name="Zyy" output="Ey" input="Hy">2.966396e-1 6.254249e-1</value>
      </Z>
      <Z.VAR type="real" size="2  2">
        <value name="Zxx" output="Ex" input="Hx">8.216380e-6</value>
        <value name="Zxy" output="Ex" input="Hy">1.748032e-5</value>
        <value name="Zyx" output="Ey" input="Hx">4.678716e-6</value>
        <value name="Zyy" output="Ey" input="Hy">9.953952e-6</value>
      </Z.VAR>
      <Z.INVSIGCOV type="complex" size="2  2">
        <value output="Hx" input="Hx">3.616631e-4 4.931372e-13</value>
        <value output="Hx" input="Hy">-1.462955e-5 -1.057000e-5</value>
        <value output="Hy" input="Hx">-1.462955e-5 1.057000e-5</value>
        <value output="Hy" input="Hy">7.694369e-4 3.896281e-14</value>
      </Z.INVSIGCOV>
      <Z.RESIDCOV type="complex" size="2  2">
        <value output="Ex" input="Ex">4.543666e-2 6.776264e-21</value>
        <value output="Ex" input="Ey">2.703569e-2 -2.268000e-4</value>
        <value output="Ey" input="Ex">2.703569e-2 2.268000e-4</value>
        <value output="Ey" input="Ey">2.587334e-2 0.000000e0</value>
      </Z.RESIDCOV>
      <T type="complex" size="1  2" units="[]">
        <value name="Tx" output="Hz" input="Hx">3.790485e-2 -3.387744e-2</value>
        <value name="Ty" output="Hz" input="Hy">5.897741e-2 1.830570e-2</value>
      </T>
      <T.VAR type="real" size="1  2">
        <value name="Tx" output="Hz" input="Hx">9.551521e-7</value>
        <value name="Ty" output="Hz" input="Hy">2.032083e-6</value>
      </T.VAR>
      <T.INVSIGCOV type="complex" size="1  2">
        <value output="Hx" input="Hx">3.616631e-4 4.931372e-13</value>
        <value output="Hx" input="Hy">-1.462955e-5 -1.057000e-5</value>
        <value output="Hy" input="Hx">-1.462955e-5 1.057000e-5</value>
        <value output="Hy" input="Hy">7.694369e-4 3.896281e-14</value>
      </T.INVSIGCOV>
      <T.RESIDCOV type="complex" size="1  2">
        <value output="Hz" input="Hz">5.282000e-3 0.000000e0</value>
      </T.RESIDCOV>
    </Period>
    <Period value="68.26667" units="secs">
      <Z type="complex" size="2  2" units="[mV/km]/[nT]">
        <value name="Zxx" output="Ex" input="Hx">-5.407073e-1 -6.327837e-1</value>
        <value name="Zxy" output="Ex" input="Hy">6.991201e-1 1.267162e0</value>
        <value name="Zyx" output="Ey" input="Hx">-8.347799e-1 -1.048838e0</value>
        <value name="Zyy" output="Ey" input="Hy">2.725073e-1 4.912837e-1</value>
      </Z>
      <Z.VAR type="real" size="2  2">
        <value name="Zxx" output="Ex" input="Hx">5.223134e-6</value>
        <value name="Zxy" output="Ex" input="Hy">8.755533e-6</value>
        <value name="Zyx" output="Ey" input="Hx">3.085446e-6</value>
        <value name="Zyy" output="Ey" input="Hy">5.172131e-6</value>
      </Z.VAR>
      <Z.INVSIGCOV type="complex" size="2  2">
        <value output="Hx" input="Hx">2.288235e-4 3.235201e-13</value>
        <value output="Hx" input="Hy">-1.833977e-5 -5.760000e-6</value>
        <value output="Hy" input="Hx">-1.833977e-5 5.760000e-6</value>
        <value output="Hy" input="Hy">3.835765e-4 -5.563201e-13</value>
      </Z.INVSIGCOV>
      <Z.RESIDCOV type="complex" size="2  2">
        <value output="Ex" input="Ex">4.565208e-2 1.355253e-20</value>
        <value output="Ex" input="Ey">2.676737e-2 -3.040000e-4</value>
        <value output="Ey" input="Ex">2.676737e-2 3.040000e-4</value>
        <value output="Ey" input="Ey">2.696792e-2 -1.355253e-20</value>
      </Z.RESIDCOV>
      <T type="complex" size="1  2" units="[]">
        <value name="Tx" output="Hz" input="Hx">3.921649e-2 -3.701190e-2</value>
        <value name="Ty" output="Hz" input="Hy">5.316551e-2 5.510138e-3</value>
      </T>
      <T.VAR type="real" size="1  2">
        <value name="Tx" output="Hz" input="Hx">7.435618e-7</value>
        <value name="Ty" output="Hz" input="Hy">1.246432e-6</value>
      </T.VAR>
      <T.INVSIGCOV type="complex" size="1  2">
        <value output="Hx" input="Hx">2.288235e-4 3.235201e-13</value>
        <value output="Hx" input="Hy">-1.833977e-5 -5.760000e-6</value>
        <value output="Hy" input="Hx">-1.833977e-5 5.760000e-6</value>
        <value output="Hy" input="Hy">3.835765e-4 -5.563201e-13</value>
      </T.INVSIGCOV>
      <T.RESIDCOV type="complex" size="1  2">
        <value output="Hz" input="Hz">6.499000e-3 0.000000e0</value>
      </T.RESIDCOV>
    </Period>
    <Period value="85.33334" units="secs">
      <Z type="complex" size="2  2" units="[mV/km]/[nT]">
        <value name="Zxx" output="Ex" input="Hx">-5.084620e-1 -5.347659e-1</value>
        <value name="Zxy" output="Ex" input="Hy">6.519822e-1 1.052916e0</value>
        <value name="Zyx" output="Ey" input="Hx">-7.746178e-1 -8.752842e-1</value>
        <value name="Zyy" output="Ey" input="Hy">2.632620e-1 4.060659e-1</value>
      </Z>
      <Z.VAR type="real" size="2  2">
        <value name="Zxx" output="Ex" input="Hx">6.086978e-6</value>
        <value name="Zxy" output="Ex" input="Hy">8.727264e-6</value>
        <value name="Zyx" output="Ey" input="Hx">3.533661e-6</value>
        <value name="Zyy" output="Ey" input="Hy">5.066421e-6</value>
      </Z.VAR>
      <Z.INVSIGCOV type="complex" size="2  2">
        <value output="Hx" input="Hx">2.540103e-4 2.232335e-13</value>
        <value output="Hx" input="Hy">-1.089832e-5 -1.308000e-6</value>
        <value output="Hy" input="Hx">-1.089832e-5 1.308000e-6</value>
        <value output="Hy" input="Hy">3.641897e-4 1.746665e-13</value>
      </Z.INVSIGCOV>
      <Z.RESIDCOV type="complex" size="2  2">
        <value output="Ex" input="Ex">4.792702e-2 0.000000e0</value>
        <value output="Ex" input="Ey">2.734131e-2 1.322000e-4</value>
        <value output="Ey" input="Ex">2.734131e-2 -1.322000e-4</value>
        <value output="Ey" input="Ey">2.782298e-2 0.000000e0</value>
      </Z.RESIDCOV>
      <T type="complex" size="1  2" units="[]">
        <value name="Tx" output="Hz" input="Hx">4.873182e-2 -3.681309e-2</value>
        <value name="Ty" output="Hz" input="Hy">5.002313e-2 -9.572574e-3</value>
      </T>
      <T.VAR type="real" size="1  2">
        <value name="Tx" output="Hz" input="Hx">1.026456e-6</value>
        <value name="Ty" output="Hz" input="Hy">1.471691e-6</value>
      </T.VAR>
      <T.INVSIGCOV type="complex" size="1  2">
        <value output="Hx" input="Hx">2.540103e-4 2.232335e-13</value>
        <value output="Hx" input="Hy">-1.089832e-5 -1.308000e-6</value>
        <value output="Hy" input="Hx">-1.089832e-5 1.308000e-6</value>
        <value output="Hy" input="Hy">3.641897e-4 1.746665e-13</value>
      </T.INVSIGCOV>
      <T.RESIDCOV type="complex" size="1  2">
        <value output="Hz" input="Hz">8.082000e-3 0.000000e0</value>
      </T.RESIDCOV>
    </Period>
    <Period value="102.40000" units="secs">
      <Z type="complex" size="2  2" units="[mV/km]/[nT]">
        <value name="Zxx" output="Ex" input="Hx">-4.884438e-1 -4.554884e-1</value>
        <value name="Zxy" output="Ex" input="Hy">6.199367e-1 8.891416e-1</value>
        <value name="Zyx" output="Ey" input="Hx">-7.410633e-1 -7.495584e-1</value>
        <value name="Zyy" output="Ey" input="Hy">2.585438e-1 3.355884e-1</value>
      </Z>
      <Z.VAR type="real" size="2  2">
        <value name="Zxx" output="Ex" input="Hx">4.847603e-6</value>
        <value name="Zxy" output="Ex" input="Hy">6.908355e-6</value>
        <value name="Zyx" output="Ey" input="Hx">2.771180e-6</value>
        <value name="Zyy" output="Ey" input="Hy">3.949229e-6</value>
      </Z.VAR>
      <Z.INVSIGCOV type="complex" size="2  2">
        <value output="Hx" input="Hx">1.807755e-4 -7.673805e-15</value>
        <value output="Hx" input="Hy">-3.268153e-6 -3.627000e-6</value>
        <value output="Hy" input="Hx">-3.268153e-6 3.627000e-6</value>
        <value output="Hy" input="Hy">2.576245e-4 -7.596862e-13</value>
      </Z.INVSIGCOV>
      <Z.RESIDCOV type="complex" size="2  2">
        <value output="Ex" input="Ex">5.363120e-2 2.710505e-20</value>
        <value output="Ex" input="Ey">2.954062e-2 -5.998000e-4</value>
        <value output="Ey" input="Ex">2.954062e-2 5.998000e-4</value>
        <value output="Ey" input="Ey">3.065880e-2 0.000000e0</value>
      </Z.RESIDCOV>
      <T type="complex" size="1  2" units="[]">
        <value name="Tx" output="Hz" input="Hx">5.592003e-2 -3.664675e-2</value>
        <value name="Ty" output="Hz" input="Hy">4.747312e-2 -1.962479e-2</value>
      </T>
      <T.VAR type="real" size="1  2">
        <value name="Tx" output="Hz" input="Hx">8.792017e-7</value>
        <value name="Ty" output="Hz" input="Hy">1.252957e-6</value>
      </T.VAR>
      <T.INVSIGCOV type="complex" size="1  2">
        <value output="Hx" input="Hx">1.807755e-4 -7.673805e-15</value>
        <value output="Hx" input="Hy">-3.268153e-6 -3.627000e-6</value>
        <value output="Hy" input="Hx">-3.268153e-6 3.627000e-6</value>
        <value output="Hy" input="Hy">2.576245e-4 -7.596862e-13</value>
      </T.INVSIGCOV>
      <T.RESIDCOV type="complex" size="1  2">
        <value output="Hz" input="Hz">9.727000e-3 0.000000e0</value>
      </T.RESIDCOV>
    </Period>
    <Period value="132.12903" units="secs">
      <Z type="complex" size="2  2" units="[mV/km]/[nT]">
        <value name="Zxx" output="Ex" input="Hx">-4.631248e-1 -3.674634e-1</value>
        <value name="Zxy" output="Ex" input="Hy">5.972746e-1 7.203041e-1</value>
        <value name="Zyx" output="Ey" input="Hx">-7.004254e-1 -6.063959e-1</value>
        <value name="Zyy" output="Ey" input="Hy">2.565248e-1 2.660634e-1</value>
      </Z>
      <Z.VAR type="real" size="2  2">
        <value name="Zxx" output="Ex" input="Hx">3.059615e-6</value>
        <value name="Zxy" output="Ex" input="Hy">5.025671e-6</value>
        <value name="Zyx" output="Ey" input="Hx">1.504646e-6</value>
        <value name="Zyy" output="Ey" input="Hy">2.471506e-6</value>
      </Z.VAR>
      <Z.INVSIGCOV type="complex" size="2  2">
        <value output="Hx" input="Hx">1.275646e-4 7.835033e-14</value>
        <value output="Hx" input="Hy">1.119582e-5 -2.065000e-6</value>
        <value output="Hy" input="Hx">1.119582e-5 2.065000e-6</value>
        <value output="Hy" input="Hy">2.095354e-4 9.916497e-13</value>
      </Z.INVSIGCOV>
      <Z.RESIDCOV type="complex" size="2  2">
        <value output="Ex" input="Ex">4.796966e-2 0.000000e0</value>
        <value output="Ex" input="Ey">2.398326e-2 9.632000e-4</value>
        <value output="Ey" input="Ex">2.398326e-2 -9.632000e-4</value>
        <value output="Ey" input="Ey">2.359034e-2 5.421011e-20</value>
      </Z.RESIDCOV>
      <T type="complex" size="1  2" units="[]">
        <value name="Tx" output="Hz" input="Hx">6.783405e-2 -3.332682e-2</value>
        <value name="Ty" output="Hz" input="Hy">4.954434e-2 -3.690512e-2</value>
      </T>
      <T.VAR type="real" size="1  2">
        <value name="Tx" output="Hz" input="Hx">7.730414e-7</value>
        <value name="Ty" output="Hz" input="Hy">1.269785e-6</value>
      </T.VAR>
      <T.INVSIGCOV type="complex" size="1  2">
        <value output="Hx" input="Hx">1.275646e-4 7.835033e-14</value>
        <value output="Hx" input="Hy">1.119582e-5 -2.065000e-6</value>
        <value output="Hy" input="Hx">1.119582e-5 2.065000e-6</value>
        <value output="Hy" input="Hy">2.095354e-4 9.916497e-13</value>
      </T.INVSIGCOV>
      <T.RESIDCOV type="complex" size="1  2">
        <value output="Hz" input="Hz">1.212000e-2 0.000000e0</value>
      </T.RESIDCOV>
    </Period>
    <Period value="170.66667" units="secs">
      <Z type="complex" size="2  2" units="[mV/km]/[nT]">
        <value name="Zxx" output="Ex" input="Hx">-4.434309e-1 -2.994918e-1</value>
        <value name="Zxy" output="Ex" input="Hy">5.734752e-1 5.920103e-1</value>
        <value name="Zyx" output="Ey" input="Hx">-6.680248e-1 -4.975897e-1</value>
        <value name="Zyy" output="Ey" input="Hy">2.525309e-1 2.152918e-1</value>
      </Z>
      <Z.VAR type="real" size="2  2">
        <value name="Zxx" output="Ex" input="Hx">3.121188e-6</value>
        <value name="Zxy" output="Ex" input="Hy">6.497574e-6</value>
        <value name="Zyx" output="Ey" input="Hx">1.326691e-6</value>
        <value name="Zyy" output="Ey" input="Hy">2.761857e-6</value>
      </Z.VAR>
      <Z.INVSIGCOV type="complex" size="2  2">
        <value output="Hx" input="Hx">9.105177e-5 1.021483e-14</value>
        <value output="Hx" input="Hy">6.210758e-6 2.876000e-6</value>
        <value output="Hy" input="Hx">6.210758e-6 -2.876000e-6</value>
        <value output="Hy" input="Hy">1.895482e-4 1.292852e-13</value>
      </Z.INVSIGCOV>
      <Z.RESIDCOV type="complex" size="2  2">
        <value output="Ex" input="Ex">6.855853e-2 0.000000e0</value>
        <value output="Ex" input="Ey">3.049419e-2 8.065000e-4</value>
        <value output="Ey" input="Ex">3.049419e-2 -8.065000e-4</value>
        <value output="Ey" input="Ey">2.914147e-2 0.000000e0</value>
      </Z.RESIDCOV>
      <T type="complex" size="1  2" units="[]">
        <value name="Tx" output="Hz" input="Hx">7.337770e-2 -2.638638e-2</value>
        <value name="Ty" output="Hz" input="Hy">5.140382e-2 -5.464903e-2</value>
      </T>
      <T.VAR type="real" size="1  2">
        <value name="Tx" output="Hz" input="Hx">6.924487e-7</value>
        <value name="Ty" output="Hz" input="Hy">1.441514e-6</value>
      </T.VAR>
      <T.INVSIGCOV type="complex" size="1  2">
        <value output="Hx" input="Hx">9.105177e-5 1.021483e-14</value>
        <value output="Hx" input="Hy">6.210758e-6 2.876000e-6</value>
        <value output="Hy" input="Hx">6.210758e-6 -2.876000e-6</value>
        <value output="Hy" input="Hy">1.895482e-4 1.292852e-13</value>
      </T.INVSIGCOV>
      <T.RESIDCOV type="complex" size="1  2">
        <value output="Hz" input="Hz">1.521000e-2 0.000000e0</value>
      </T.RESIDCOV>
    </Period>
    <Period value="215.57895" units="secs">
      <Z type="complex" size="2  2" units="[mV/km]/[nT]">
        <value name="Zxx" output="Ex" input="Hx">-4.286637e-1 -2.573745e-1</value>
        <value name="Zxy" output="Ex" input="Hy">5.527477e-1 5.085761e-1</value>
        <value name="Zyx" output="Ey" input="Hx">-6.422523e-1 -4.245239e-1</value>
        <value name="Zyy" output="Ey" input="Hy">2.511637e-1 1.820745e-1</value>
      </Z>
      <Z.VAR type="real" size="2  2">
        <value name="Zxx" output="Ex" input="Hx">4.192712e-6</value>
        <value name="Zxy" output="Ex" input="Hy">9.349727e-6</value>
        <value name="Zyx" output="Ey" input="Hx">1.604379e-6</value>
        <value name="Zyy" output="Ey" input="Hy">3.577758e-6</value>
      </Z.VAR>
      <Z.INVSIGCOV type="complex" size="2  2">
        <value output="Hx" input="Hx">7.981127e-5 -4.870168e-15</value>
        <value output="Hx" input="Hy">1.264940e-5 -6.317000e-6</value>
        <value output="Hy" input="Hx">1.264940e-5 6.317000e-6</value>
        <value output="Hy" input="Hy">1.779787e-4 -6.163983e-14</value>
      </Z.INVSIGCOV>
      <Z.RESIDCOV type="complex" size="2  2">
        <value output="Ex" input="Ex">1.050657e-1 0.000000e0</value>
        <value output="Ex" input="Ey">4.277038e-2 1.907000e-3</value>
        <value output="Ey" input="Ex">4.277038e-2 -1.907000e-3</value>
        <value output="Ey" input="Ey">4.020433e-2 0.000000e0</value>
      </Z.RESIDCOV>
      <T type="complex" size="1  2" units="[]">
        <value name="Tx" output="Hz" input="Hx">7.687256e-2 -2.013875e-2</value>
        <value name="Ty" output="Hz" input="Hy">6.432147e-2 -7.443666e-2</value>
      </T>
      <T.VAR type="real" size="1  2">
        <value name="Tx" output="Hz" input="Hx">8.499900e-7</value>
        <value name="Ty" output="Hz" input="Hy">1.895473e-6</value>
      </T.VAR>
      <T.INVSIGCOV type="complex" size="1  2">
        <value output="Hx" input="Hx">7.981127e-5 -4.870168e-15</value>
        <value output="Hx" input="Hy">1.264940e-5 -6.317000e-6</value>
        <value output="Hy" input="Hx">1.264940e-5 6.317000e-6</value>
        <value output="Hy" input="Hy">1.779787e-4 -6.163983e-14</value>
      </T.INVSIGCOV>
      <T.RESIDCOV type="complex" size="1  2">
        <value output="Hz" input="Hz">2.130000e-2 0.000000e0</value>
      </T.RESIDCOV>
    </Period>
    <Period value="273.06668" units="secs">
      <Z type="complex" size="2  2" units="[mV/km]/[nT]">
        <value name="Zxx" output="Ex" input="Hx">-4.200149e-1 -2.134697e-1</value>
        <value name="Zxy" output="Ex" input="Hy">5.209091e-1 4.482730e-1</value>
        <value name="Zyx" output="Ey" input="Hx">-6.228909e-1 -3.603270e-1</value>
        <value name="Zyy" output="Ey" input="Hy">2.407149e-1 1.560697e-1</value>
      </Z>
      <Z.VAR type="real" size="2  2">
        <value name="Zxx" output="Ex" input="Hx">2.736760e-6</value>
        <value name="Zxy" output="Ex" input="Hy">5.878042e-6</value>
        <value name="Zyx" output="Ey" input="Hx">1.213519e-6</value>
        <value name="Zyy" output="Ey" input="Hy">2.606409e-6</value>
      </Z.VAR>
      <Z.INVSIGCOV type="complex" size="2  2">
        <value output="Hx" input="Hx">4.730589e-5 -1.530928e-13</value>
        <value output="Hx" input="Hy">1.093673e-5 -4.243000e-6</value>
        <value output="Hy" input="Hx">1.093673e-5 4.243000e-6</value>
        <value output="Hy" input="Hy">1.016041e-4 -3.873072e-13</value>
      </Z.INVSIGCOV>
      <Z.RESIDCOV type="complex" size="2  2">
        <value output="Ex" input="Ex">1.157048e-1 1.084202e-19</value>
        <value output="Ex" input="Ey">5.011583e-2 3.342000e-3</value>
        <value output="Ey" input="Ex">5.011583e-2 -3.342000e-3</value>
        <value output="Ey" input="Ey">5.130520e-2 0.000000e0</value>
      </Z.RESIDCOV>
      <T type="complex" size="1  2" units="[]">
        <value name="Tx" output="Hz" input="Hx">7.511008e-2 -1.389286e-2</value>
        <value name="Ty" output="Hz" input="Hy">7.680010e-2 -8.982046e-2</value>
      </T>
      <T.VAR type="real" size="1  2">
        <value name="Tx" output="Hz" input="Hx">6.946870e-7</value>
        <value name="Ty" output="Hz" input="Hy">1.492056e-6</value>
      </T.VAR>
      <T.INVSIGCOV type="complex" size="1  2">
        <value output="Hx" input="Hx">4.730589e-5 -1.530928e-13</value>
        <value output="Hx" input="Hy">1.093673e-5 -4.243000e-6</value>
        <value output="Hy" input="Hx">1.093673e-5 4.243000e-6</value>
        <value output="Hy" input="Hy">1.016041e-4 -3.873072e-13</value>
      </T.INVSIGCOV>
      <T.RESIDCOV type="complex" size="1  2">
        <value output="Hz" input="Hz">2.937000e-2 0.000000e0</value>
      </T.RESIDCOV>
    </Period>
    <Period value="341.33334" units="secs">
      <Z type="complex" size="2  2" units="[mV/km]/[nT]">
        <value name="Zxx" output="Ex" input="Hx">-4.079554e-1 -1.870247e-1</value>
        <value name="Zxy" output="Ex" input="Hy">4.985265e-1 4.102878e-1</value>
        <value name="Zyx" output="Ey" input="Hx">-6.038735e-1 -3.163122e-1</value>
        <value name="Zyy" output="Ey" input="Hy">2.352554e-1 1.426947e-1</value>
      </Z>
      <Z.VAR type="real" size="2  2">
        <value name="Zxx" output="Ex" input="Hx">2.940034e-6</value>
        <value name="Zxy" output="Ex" input="Hy">7.336819e-6</value>
        <value name="Zyx" output="Ey" input="Hx">1.561312e-6</value>
        <value name="Zyy" output="Ey" input="Hy">3.896237e-6</value>
      </Z.VAR>
      <Z.INVSIGCOV type="complex" size="2  2">
        <value output="Hx" input="Hx">4.287813e-5 -1.040522e-14</value>
        <value output="Hx" input="Hy">1.049200e-5 -2.606000e-6</value>
        <value output="Hy" input="Hx">1.049200e-5 2.606000e-6</value>
        <value output="Hy" input="Hy">1.070019e-4 -1.316948e-13</value>
      </Z.INVSIGCOV>
      <Z.RESIDCOV type="complex" size="2  2">
        <value output="Ex" input="Ex">1.371344e-1 0.000000e0</value>
        <value output="Ex" input="Ey">6.137041e-2 2.226000e-3</value>
        <value output="Ey" input="Ex">6.137041e-2 -2.226000e-3</value>
        <value output="Ey" input="Ey">7.282559e-2 0.000000e0</value>
      </Z.RESIDCOV>
      <T type="complex" size="1  2" units="[]">
        <value name="Tx" output="Hz" input="Hx">7.550506e-2 -9.656344e-3</value>
        <value name="Ty" output="Hz" input="Hy">9.268980e-2 -1.061119e-1</value>
      </T>
      <T.VAR type="real" size="1  2">
        <value name="Tx" output="Hz" input="Hx">9.538240e-7</value>
        <value name="Ty" output="Hz" input="Hy">2.380257e-6</value>
      </T.VAR>
      <T.INVSIGCOV type="complex" size="1  2">
        <value output="Hx" input="Hx">4.287813e-5 -1.040522e-14</value>
        <value output="Hx" input="Hy">1.049200e-5 -2.606000e-6</value>
        <value output="Hy" input="Hx">1.049200e-5 2.606000e-6</value>
        <value output="Hy" input="Hy">1.070019e-4 -1.316948e-13</value>
      </T.INVSIGCOV>
      <T.RESIDCOV type="complex" size="1  2">
        <value output="Hz" input="Hz">4.449000e-2 0.000000e0</value>
      </T.RESIDCOV>
    </Period>
    <Period value="409.60001" units="secs">
      <Z type="complex" size="2  2" units="[mV/km]/[nT]">
        <value name="Zxx" output="Ex" input="Hx">-4.010913e-1 -1.721229e-1</value>
        <value name="Zxy" output="Ex" input="Hy">4.732581e-1 3.759607e-1</value>
        <value name="Zyx" output="Ey" input="Hx">-5.870419e-1 -2.904393e-1</value>
        <value name="Zyy" output="Ey" input="Hy">2.261913e-1 1.234629e-1</value>
      </Z>
      <Z.VAR type="real" size="2  2">
        <value name="Zxx" output="Ex" input="Hx">2.551104e-6</value>
        <value name="Zxy" output="Ex" input="Hy">6.438419e-6</value>
        <value name="Zyx" output="Ey" input="Hx">1.469667e-6</value>
        <value name="Zyy" output="Ey" input="Hy">3.709111e-6</value>
      </Z.VAR>
      <Z.INVSIGCOV type="complex" size="2  2">
        <value output="Hx" input="Hx">2.622470e-5 -8.839157e-14</value>
        <value output="Hx" input="Hy">5.986839e-6 -4.911000e-6</value>
        <value output="Hy" input="Hx">5.986839e-6 4.911000e-6</value>
        <value output="Hy" input="Hy">6.618530e-5 -1.247784e-13</value>
      </Z.INVSIGCOV>
      <Z.RESIDCOV type="complex" size="2  2">
        <value output="Ex" input="Ex">1.945574e-1 -2.168404e-19</value>
        <value output="Ex" input="Ey">9.401324e-2 4.168000e-3</value>
        <value output="Ey" input="Ex">9.401324e-2 -4.168000e-3</value>
        <value output="Ey" input="Ey">1.120826e-1 0.000000e0</value>
      </Z.RESIDCOV>
      <T type="complex" size="1  2" units="[]">
        <value name="Tx" output="Hz" input="Hx">7.181285e-2 -8.397145e-3</value>
        <value name="Ty" output="Hz" input="Hy">1.097055e-1 -1.145458e-1</value>
      </T>
      <T.VAR type="real" size="1  2">
        <value name="Tx" output="Hz" input="Hx">7.420279e-7</value>
        <value name="Ty" output="Hz" input="Hy">1.872713e-6</value>
      </T.VAR>
      <T.INVSIGCOV type="complex" size="1  2">
        <value output="Hx" input="Hx">2.622470e-5 -8.839157e-14</value>
        <value output="Hx" input="Hy">5.986839e-6 -4.911000e-6</value>
        <value output="Hy" input="Hx">5.986839e-6 4.911000e-6</value>
        <value output="Hy" input="Hy">6.618530e-5 -1.247784e-13</value>
      </T.INVSIGCOV>
      <T.RESIDCOV type="complex" size="1  2">
        <value output="Hz" input="Hz">5.659000e-2 0.000000e0</value>
      </T.RESIDCOV>
    </Period>
    <Period value="528.51611" units="secs">
      <Z type="complex" size="2  2" units="[mV/km]/[nT]">
        <value name="Zxx" output="Ex" input="Hx">-3.866646e-1 -1.526251e-1</value>
        <value name="Zxy" output="Ex" input="Hy">4.294155e-1 3.450205e-1</value>
        <value name="Zyx" output="Ey" input="Hx">-5.621845e-1 -2.575795e-1</value>
        <value name="Zyy" output="Ey" input="Hy">2.135646e-1 1.129451e-1</value>
      </Z>
      <Z.VAR type="real" size="2  2">
        <value name="Zxx" output="Ex" input="Hx">1.896172e-6</value>
        <value name="Zxy" output="Ex" input="Hy">5.428033e-6</value>
        <value name="Zyx" output="Ey" input="Hx">9.393271e-7</value>
        <value name="Zyy" output="Ey" input="Hy">2.688944e-6</value>
      </Z.VAR>
      <Z.INVSIGCOV type="complex" size="2  2">
        <value output="Hx" input="Hx">1.645771e-5 4.958248e-14</value>
        <value output="Hx" input="Hy">3.718974e-6 -2.307000e-6</value>
        <value output="Hy" input="Hx">3.718974e-6 2.307000e-6</value>
        <value output="Hy" input="Hy">4.711229e-5 3.917516e-15</value>
      </Z.INVSIGCOV>
      <Z.RESIDCOV type="complex" size="2  2">
        <value output="Ex" input="Ex">2.304296e-1 0.000000e0</value>
        <value output="Ex" input="Ey">9.056437e-2 3.706000e-3</value>
        <value output="Ey" input="Ex">9.056437e-2 -3.706000e-3</value>
        <value output="Ey" input="Ey">1.141504e-1 0.000000e0</value>
      </Z.RESIDCOV>
      <T type="complex" size="1  2" units="[]">
        <value name="Tx" output="Hz" input="Hx">6.506011e-2 -6.944165e-3</value>
        <value name="Ty" output="Hz" input="Hy">1.353552e-1 -1.306536e-1</value>
      </T>
      <T.VAR type="real" size="1  2">
        <value name="Tx" output="Hz" input="Hx">8.180304e-7</value>
        <value name="Ty" output="Hz" input="Hy">2.341716e-6</value>
      </T.VAR>
      <T.INVSIGCOV type="complex" size="1  2">
        <value output="Hx" input="Hx">1.645771e-5 4.958248e-14</value>
        <value output="Hx" input="Hy">3.718974e-6 -2.307000e-6</value>
        <value output="Hy" input="Hx">3.718974e-6 2.307000e-6</value>
        <value output="Hy" input="Hy">4.711229e-5 3.917516e-15</value>
      </T.INVSIGCOV>
      <T.RESIDCOV type="complex" size="1  2">
        <value output="Hz" input="Hz">9.941000e-2 0.000000e0</value>
      </T.RESIDCOV>
    </Period>
    <Period value="682.66669" units="secs">
      <Z type="complex" size="2  2" units="[mV/km]/[nT]">
        <value name="Zxx" output="Ex" input="Hx">-3.761514e-1 -1.410443e-1</value>
        <value name="Zxy" output="Ex" input="Hy">3.842636e-1 3.155025e-1</value>
        <value name="Zyx" output="Ey" input="Hx">-5.409364e-1 -2.353975e-1</value>
        <value name="Zyy" output="Ey" input="Hy">2.010514e-1 9.489427e-2</value>
      </Z>
      <Z.VAR type="real" size="2  2">
        <value name="Zxx" output="Ex" input="Hx">2.526170e-6</value>
        <value name="Zxy" output="Ex" input="Hy">6.943183e-6</value>
        <value name="Zyx" output="Ey" input="Hx">1.275095e-6</value>
        <value name="Zyy" output="Ey" input="Hy">3.504602e-6</value>
      </Z.VAR>
      <Z.INVSIGCOV type="complex" size="2  2">
        <value output="Hx" input="Hx">1.434440e-5 9.566440e-14</value>
        <value output="Hx" input="Hy">4.201537e-6 -3.365000e-6</value>
        <value output="Hy" input="Hx">4.201537e-6 3.365000e-6</value>
        <value output="Hy" input="Hy">3.942560e-5 -8.494402e-15</value>
      </Z.INVSIGCOV>
      <Z.RESIDCOV type="complex" size="2  2">
        <value output="Ex" input="Ex">3.522169e-1 -2.710505e-20</value>
        <value output="Ex" input="Ey">1.335022e-1 -8.449000e-4</value>
        <value output="Ey" input="Ex">1.335022e-1 8.449000e-4</value>
        <value output="Ey" input="Ey">1.777831e-1 0.000000e0</value>
      </Z.RESIDCOV>
      <T type="complex" size="1  2" units="[]">
        <value name="Tx" output="Hz" input="Hx">6.106868e-2 -6.874912e-3</value>
        <value name="Ty" output="Hz" input="Hy">1.630067e-1 -1.382170e-1</value>
      </T>
      <T.VAR type="real" size="1  2">
        <value name="Tx" output="Hz" input="Hx">1.324705e-6</value>
        <value name="Ty" output="Hz" input="Hy">3.640954e-6</value>
      </T.VAR>
      <T.INVSIGCOV type="complex" size="1  2">
        <value output="Hx" input="Hx">1.434440e-5 9.566440e-14</value>
        <value output="Hx" input="Hy">4.201537e-6 -3.365000e-6</value>
        <value output="Hy" input="Hx">4.201537e-6 3.365000e-6</value>
        <value output="Hy" input="Hy">3.942560e-5 -8.494402e-15</value>
      </T.INVSIGCOV>
      <T.RESIDCOV type="complex" size="1  2">
        <value output="Hz" input="Hz">1.847000e-1 0.000000e0</value>
      </T.RESIDCOV>
    </Period>
    <Period value="862.31580" units="secs">
      <Z type="complex" size="2  2" units="[mV/km]/[nT]">
        <value name="Zxx" output="Ex" input="Hx">-3.615763e-1 -1.319887e-1</value>
        <value name="Zxy" output="Ex" input="Hy">3.492410e-1 2.878618e-1</value>
        <value name="Zyx" output="Ey" input="Hx">-5.197590e-1 -2.168382e-1</value>
        <value name="Zyy" output="Ey" input="Hy">1.914763e-1 8.619868e-2</value>
      </Z>
      <Z.VAR type="real" size="2  2">
        <value name="Zxx" output="Ex" input="Hx">3.683086e-6</value>
        <value name="Zxy" output="Ex" input="Hy">9.343621e-6</value>
        <value name="Zyx" output="Ey" input="Hx">1.891206e-6</value>
        <value name="Zyy" output="Ey" input="Hy">4.797802e-6</value>
      </Z.VAR>
      <Z.INVSIGCOV type="complex" size="2  2">
        <value output="Hx" input="Hx">1.252509e-5 2.594511e-14</value>
        <value output="Hx" input="Hy">2.697355e-6 -2.462000e-6</value>
        <value output="Hy" input="Hx">2.697355e-6 2.462000e-6</value>
        <value output="Hy" input="Hy">3.177491e-5 -5.920511e-14</value>
      </Z.INVSIGCOV>
      <Z.RESIDCOV type="complex" size="2  2">
        <value output="Ex" input="Ex">5.881132e-1 -4.336809e-19</value>
        <value output="Ex" input="Ey">2.315472e-1 -8.324000e-3</value>
        <value output="Ey" input="Ex">2.315472e-1 8.324000e-3</value>
        <value output="Ey" input="Ey">3.019868e-1 0.000000e0</value>
      </Z.RESIDCOV>
      <T type="complex" size="1  2" units="[]">
        <value name="Tx" output="Hz" input="Hx">5.900939e-2 -5.873417e-3</value>
        <value name="Ty" output="Hz" input="Hy">1.921362e-1 -1.439603e-1</value>
      </T>
      <T.VAR type="real" size="1  2">
        <value name="Tx" output="Hz" input="Hx">2.273930e-6</value>
        <value name="Ty" output="Hz" input="Hy">5.768735e-6</value>
      </T.VAR>
      <T.INVSIGCOV type="complex" size="1  2">
        <value output="Hx" input="Hx">1.252509e-5 2.594511e-14</value>
        <value output="Hx" input="Hy">2.697355e-6 -2.462000e-6</value>
        <value output="Hy" input="Hx">2.697355e-6 2.462000e-6</value>
        <value output="Hy" input="Hy">3.177491e-5 -5.920511e-14</value>
      </T.INVSIGCOV>
      <T.RESIDCOV type="complex" size="1  2">
        <value output="Hz" input="Hz">3.631000e-1 0.000000e0</value>
      </T.RESIDCOV>
    </Period>
    <Period value="1092.26672" units="secs">
      <Z type="complex" size="2  2" units="[mV/km]/[nT]">
        <value name="Zxx" output="Ex" input="Hx">-3.464454e-1 -1.285902e-1</value>
        <value name="Zxy" output="Ex" input="Hy">3.087526e-1 2.633117e-1</value>
        <value name="Zyx" output="Ey" input="Hx">-4.937475e-1 -2.052883e-1</value>
        <value name="Zyy" output="Ey" input="Hy">1.798454e-1 7.769018e-2</value>
      </Z>
      <Z.VAR type="real" size="2  2">
        <value name="Zxx" output="Ex" input="Hx">3.584962e-6</value>
        <value name="Zxy" output="Ex" input="Hy">1.081299e-5</value>
        <value name="Zyx" output="Ey" input="Hx">2.017980e-6</value>
        <value name="Zyy" output="Ey" input="Hy">6.086644e-6</value>
      </Z.VAR>
      <Z.INVSIGCOV type="complex" size="2  2">
        <value output="Hx" input="Hx">6.728239e-6 5.673403e-15</value>
        <value output="Hx" input="Hy">1.977757e-6 -2.651000e-6</value>
        <value output="Hy" input="Hx">1.977757e-6 2.651000e-6</value>
        <value output="Hy" input="Hy">2.029376e-5 -1.220434e-13</value>
      </Z.INVSIGCOV>
      <Z.RESIDCOV type="complex" size="2  2">
        <value output="Ex" input="Ex">1.065646e0 -8.673617e-19</value>
        <value output="Ex" input="Ey">4.365777e-1 -1.836000e-2</value>
        <value output="Ey" input="Ex">4.365777e-1 1.836000e-2</value>
        <value output="Ey" input="Ey">5.998537e-1 0.000000e0</value>
      </Z.RESIDCOV>
      <T type="complex" size="1  2" units="[]">
        <value name="Tx" output="Hz" input="Hx">5.711134e-2 -1.138363e-2</value>
        <value name="Ty" output="Hz" input="Hy">2.332568e-1 -1.495602e-1</value>
      </T>
      <T.VAR type="real" size="1  2">
        <value name="Tx" output="Hz" input="Hx">2.782463e-6</value>
        <value name="Ty" output="Hz" input="Hy">8.392485e-6</value>
      </T.VAR>
      <T.INVSIGCOV type="complex" size="1  2">
        <value output="Hx" input="Hx">6.728239e-6 5.673403e-15</value>
        <value output="Hx" input="Hy">1.977757e-6 -2.651000e-6</value>
        <value output="Hy" input="Hx">1.977757e-6 2.651000e-6</value>
        <value output="Hy" input="Hy">2.029376e-5 -1.220434e-13</value>
      </T.INVSIGCOV>
      <T.RESIDCOV type="complex" size="1  2">
        <value output="Hz" input="Hz">8.271000e-1 0.000000e0</value>
      </T.RESIDCOV>
    </Period>
    <Period value="1365.33337" units="secs">
      <Z type="complex" size="2  2" units="[mV/km]/[nT]">
        <value name="Zxx" output="Ex" input="Hx">-3.335613e-1 -1.238780e-1</value>
        <value name="Zxy" output="Ex" input="Hy">2.813114e-1 2.408592e-1</value>
        <value name="Zyx" output="Ey" input="Hx">-4.775886e-1 -1.951408e-1</value>
        <value name="Zyy" output="Ey" input="Hy">1.743613e-1 6.455803e-2</value>
      </Z>
      <Z.VAR type="real" size="2  2">
        <value name="Zxx" output="Ex" input="Hx">6.376045e-6</value>
        <value name="Zxy" output="Ex" input="Hy">1.655350e-5</value>
        <value name="Zyx" output="Ey" input="Hx">3.494540e-6</value>
        <value name="Zyy" output="Ey" input="Hy">9.072532e-6</value>
      </Z.VAR>
      <Z.INVSIGCOV type="complex" size="2  2">
        <value output="Hx" input="Hx">7.165059e-6 1.486801e-13</value>
        <value output="Hx" input="Hy">2.331012e-6 -3.623000e-6</value>
        <value output="Hy" input="Hx">2.331012e-6 3.623000e-6</value>
        <value output="Hy" input="Hy">1.860194e-5 1.426199e-13</value>
      </Z.INVSIGCOV>
      <Z.RESIDCOV type="complex" size="2  2">
        <value output="Ex" input="Ex">1.779761e0 0.000000e0</value>
        <value output="Ex" input="Ey">7.430485e-1 -3.895000e-2</value>
        <value output="Ey" input="Ex">7.430485e-1 3.895000e-2</value>
        <value output="Ey" input="Ey">9.754393e-1 -1.734723e-18</value>
      </Z.RESIDCOV>
      <T type="complex" size="1  2" units="[]">
        <value name="Tx" output="Hz" input="Hx">5.591324e-2 -2.185330e-2</value>
        <value name="Ty" output="Hz" input="Hy">2.678221e-1 -1.511528e-1</value>
      </T>
      <T.VAR type="real" size="1  2">
        <value name="Tx" output="Hz" input="Hx">6.287339e-6</value>
        <value name="Ty" output="Hz" input="Hy">1.632320e-5</value>
      </T.VAR>
      <T.INVSIGCOV type="complex" size="1  2">
        <value output="Hx" input="Hx">7.165059e-6 1.486801e-13</value>
        <value output="Hx" input="Hy">2.331012e-6 -3.623000e-6</value>
        <value output="Hy" input="Hx">2.331012e-6 3.623000e-6</value>
        <value output="Hy" input="Hy">1.860194e-5 1.426199e-13</value>
      </T.INVSIGCOV>
      <T.RESIDCOV type="complex" size="1  2">
        <value output="Hz" input="Hz">1.755000e0 0.000000e0</value>
      </T.RESIDCOV>
    </Period>
    <Period value="1638.40002" units="secs">
      <Z type="complex" size="2  2" units="[mV/km]/[nT]">
        <value name="Zxx" output="Ex" input="Hx">-3.229863e-1 -1.237831e-1</value>
        <value name="Zxy" output="Ex" input="Hy">2.504796e-1 2.244764e-1</value>
        <value name="Zyx" output="Ey" input="Hx">-4.584204e-1 -1.885236e-1</value>
        <value name="Zyy" output="Ey" input="Hy">1.625863e-1 6.491307e-2</value>
      </Z>
      <Z.VAR type="real" size="2  2">
        <value name="Zxx" output="Ex" input="Hx">5.622021e-6</value>
        <value name="Zxy" output="Ex" input="Hy">1.848798e-5</value>
        <value name="Zyx" output="Ey" input="Hx">3.807918e-6</value>
        <value name="Zyy" output="Ey" input="Hy">1.252231e-5</value>
      </Z.VAR>
      <Z.INVSIGCOV type="complex" size="2  2">
        <value output="Hx" input="Hx">4.499017e-6 -9.045744e-14</value>
        <value output="Hx" input="Hy">1.211235e-6 -2.364000e-6</value>
        <value output="Hy" input="Hx">1.211235e-6 2.364000e-6</value>
        <value output="Hy" input="Hy">1.479498e-5 -2.678256e-14</value>
      </Z.INVSIGCOV>
      <Z.RESIDCOV type="complex" size="2  2">
        <value output="Ex" input="Ex">2.499222e0 0.000000e0</value>
        <value output="Ex" input="Ey">1.256847e0 -6.117000e-3</value>
        <value output="Ey" input="Ex">1.256847e0 6.117000e-3</value>
        <value output="Ey" input="Ey">1.692778e0 -2.168404e-19</value>
      </Z.RESIDCOV>
      <T type="complex" size="1  2" units="[]">
        <value name="Tx" output="Hz" input="Hx">6.439779e-2 -1.258838e-2</value>
        <value name="Ty" output="Hz" input="Hy">2.956565e-1 -1.351486e-1</value>
      </T>
      <T.VAR type="real" size="1  2">
        <value name="Tx" output="Hz" input="Hx">9.675135e-6</value>
        <value name="Ty" output="Hz" input="Hy">3.181661e-5</value>
      </T.VAR>
      <T.INVSIGCOV type="complex" size="1  2">
        <value output="Hx" input="Hx">4.499017e-6 -9.045744e-14</value>
        <value output="Hx" input="Hy">1.211235e-6 -2.364000e-6</value>
        <value output="Hy" input="Hx">1.211235e-6 2.364000e-6</value>
        <value output="Hy" input="Hy">1.479498e-5 -2.678256e-14</value>
      </T.INVSIGCOV>
      <T.RESIDCOV type="complex" size="1  2">
        <value output="Hz" input="Hz">4.301000e0 0.000000e0</value>
      </T.RESIDCOV>
    </Period>
    <Period value="2259.86206" units="secs">
      <Z type="complex" size="2  2" units="[mV/km]/[nT]">
        <value name="Zxx" output="Ex" input="Hx">-3.019143e-1 -1.228393e-1</value>
        <value name="Zxy" output="Ex" input="Hy">2.070449e-1 1.832426e-1</value>
        <value name="Zyx" output="Ey" input="Hx">-4.269551e-1 -1.837574e-1</value>
        <value name="Zyy" output="Ey" input="Hy">1.474143e-1 4.613927e-2</value>
      </Z>
      <Z.VAR type="real" size="2  2">
        <value name="Zxx" output="Ex" input="Hx">5.436342e-6</value>
        <value name="Zxy" output="Ex" input="Hy">1.357415e-5</value>
        <value name="Zyx" output="Ey" input="Hx">4.768442e-6</value>
        <value name="Zyy" output="Ey" input="Hy">1.190645e-5</value>
      </Z.VAR>
      <Z.INVSIGCOV type="complex" size="2  2">
        <value output="Hx" input="Hx">2.490187e-6 -2.929788e-14</value>
        <value output="Hx" input="Hy">2.588425e-7 -7.243000e-7</value>
        <value output="Hy" input="Hx">2.588425e-7 7.243000e-7</value>
        <value output="Hy" input="Hy">6.217813e-6 -4.594212e-14</value>
      </Z.INVSIGCOV>
      <Z.RESIDCOV type="complex" size="2  2">
        <value output="Ex" input="Ex">4.366213e0 0.000000e0</value>
        <value output="Ex" input="Ey">2.660347e0 -4.066000e-1</value>
        <value output="Ey" input="Ex">2.660347e0 4.066000e-1</value>
        <value output="Ey" input="Ey">3.829787e0 -1.387779e-17</value>
      </Z.RESIDCOV>
      <T type="complex" size="1  2" units="[]">
        <value name="Tx" output="Hz" input="Hx">6.946542e-2 -2.994395e-2</value>
        <value name="Ty" output="Hz" input="Hy">3.467334e-1 -1.043354e-1</value>
      </T>
      <T.VAR type="real" size="1  2">
        <value name="Tx" output="Hz" input="Hx">2.304668e-5</value>
        <value name="Ty" output="Hz" input="Hy">5.754586e-5</value>
      </T.VAR>
      <T.INVSIGCOV type="complex" size="1  2">
        <value output="Hx" input="Hx">2.490187e-6 -2.929788e-14</value>
        <value output="Hx" input="Hy">2.588425e-7 -7.243000e-7</value>
        <value output="Hy" input="Hx">2.588425e-7 7.243000e-7</value>
        <value output="Hy" input="Hy">6.217813e-6 -4.594212e-14</value>
      </T.INVSIGCOV>
      <T.RESIDCOV type="complex" size="1  2">
        <value output="Hz" input="Hz">1.851000e1 0.000000e0</value>
      </T.RESIDCOV>
    </Period>
    <Period value="3120.76196" units="secs">
      <Z type="complex" size="2  2" units="[mV/km]/[nT]">
        <value name="Zxx" output="Ex" input="Hx">-2.772006e-1 -1.219229e-1</value>
        <value name="Zxy" output="Ex" input="Hy">1.845981e-1 1.508889e-1</value>
        <value name="Zyx" output="Ey" input="Hx">-3.948019e-1 -1.818111e-1</value>
        <value name="Zyy" output="Ey" input="Hy">1.497006e-1 3.756291e-2</value>
      </Z>
      <Z.VAR type="real" size="2  2">
        <value name="Zxx" output="Ex" input="Hx">8.902703e-6</value>
        <value name="Zxy" output="Ex" input="Hy">1.680598e-5</value>
        <value name="Zyx" output="Ey" input="Hx">8.286433e-6</value>
        <value name="Zyy" output="Ey" input="Hy">1.564262e-5</value>
      </Z.VAR>
      <Z.INVSIGCOV type="complex" size="2  2">
        <value output="Hx" input="Hx">1.315562e-6 4.348465e-16</value>
        <value output="Hx" input="Hy">-8.076522e-8 -3.082000e-7</value>
        <value output="Hy" input="Hx">-8.076522e-8 3.082000e-7</value>
        <value output="Hy" input="Hy">2.483438e-6 -9.925465e-16</value>
      </Z.INVSIGCOV>
      <Z.RESIDCOV type="complex" size="2  2">
        <value output="Ex" input="Ex">1.353445e1 0.000000e0</value>
        <value output="Ex" input="Ey">9.451183e0 -6.723000e-1</value>
        <value output="Ey" input="Ex">9.451183e0 6.723000e-1</value>
        <value output="Ey" input="Ey">1.259755e1 0.000000e0</value>
      </Z.RESIDCOV>
      <T type="complex" size="1  2" units="[]">
        <value name="Tx" output="Hz" input="Hx">7.729730e-2 -2.547869e-2</value>
        <value name="Ty" output="Hz" input="Hy">3.953671e-1 -8.197281e-2</value>
      </T>
      <T.VAR type="real" size="1  2">
        <value name="Tx" output="Hz" input="Hx">4.862976e-5</value>
        <value name="Ty" output="Hz" input="Hy">9.180028e-5</value>
      </T.VAR>
      <T.INVSIGCOV type="complex" size="1  2">
        <value output="Hx" input="Hx">1.315562e-6 4.348465e-16</value>
        <value output="Hx" input="Hy">-8.076522e-8 -3.082000e-7</value>
        <value output="Hy" input="Hx">-8.076522e-8 3.082000e-7</value>
        <value output="Hy" input="Hy">2.483438e-6 -9.925465e-16</value>
      </T.INVSIGCOV>
      <T.RESIDCOV type="complex" size="1  2">
        <value output="Hz" input="Hz">7.393000e1 0.000000e0</value>
      </T.RESIDCOV>
    </Period>
    <Period value="4681.14307" units="secs">
      <Z type="complex" size="2  2" units="[mV/km]/[nT]">
        <value name="Zxx" output="Ex" input="Hx">-2.419070e-1 -1.243646e-1</value>
        <value name="Zxy" output="Ex" input="Hy">1.648241e-1 1.220262e-1</value>
        <value name="Zyx" output="Ey" input="Hx">-3.387759e-1 -1.751738e-1</value>
        <value name="Zyy" output="Ey" input="Hy">1.517070e-1 4.101462e-2</value>
      </Z>
      <Z.VAR type="real" size="2  2">
        <value name="Zxx" output="Ex" input="Hx">1.672539e-5</value>
        <value name="Zxy" output="Ex" input="Hy">3.456743e-5</value>
        <value name="Zyx" output="Ey" input="Hx">1.846970e-5</value>
        <value name="Zyy" output="Ey" input="Hy">3.817250e-5</value>
      </Z.VAR>
      <Z.INVSIGCOV type="complex" size="2  2">
        <value output="Hx" input="Hx">7.902794e-7 -1.009258e-15</value>
        <value output="Hx" input="Hy">4.719542e-8 -1.567000e-7</value>
        <value output="Hy" input="Hx">4.719542e-8 1.567000e-7</value>
        <value output="Hy" input="Hy">1.633321e-6 -7.974159e-17</value>
      </Z.INVSIGCOV>
      <Z.RESIDCOV type="complex" size="2  2">
        <value output="Ex" input="Ex">4.232779e1 0.000000e0</value>
        <value output="Ex" input="Ey">3.389374e1 1.380000e0</value>
        <value output="Ey" input="Ex">3.389374e1 -1.380000e0</value>
        <value output="Ey" input="Ey">4.674221e1 0.000000e0</value>
      </Z.RESIDCOV>
      <T type="complex" size="1  2" units="[]">
        <value name="Tx" output="Hz" input="Hx">5.656702e-2 -2.868128e-2</value>
        <value name="Ty" output="Hz" input="Hy">4.140547e-1 -6.385343e-2</value>
      </T>
      <T.VAR type="real" size="1  2">
        <value name="Tx" output="Hz" input="Hx">2.114788e-4</value>
        <value name="Ty" output="Hz" input="Hy">4.370766e-4</value>
      </T.VAR>
      <T.INVSIGCOV type="complex" size="1  2">
        <value output="Hx" input="Hx">7.902794e-7 -1.009258e-15</value>
        <value output="Hx" input="Hy">4.719542e-8 -1.567000e-7</value>
        <value output="Hy" input="Hx">4.719542e-8 1.567000e-7</value>
        <value output="Hy" input="Hy">1.633321e-6 -7.974159e-17</value>
      </T.INVSIGCOV>
      <T.RESIDCOV type="complex" size="1  2">
        <value output="Hz" input="Hz">5.352000e2 0.000000e0</value>
      </T.RESIDCOV>
    </Period>
    <Period value="7281.77783" units="secs">
      <Z type="complex" size="2  2" units="[mV/km]/[nT]">
        <value name="Zxx" output="Ex" input="Hx">-1.930806e-1 -1.179262e-1</value>
        <value name="Zxy" output="Ex" input="Hy">1.348590e-1 9.967840e-2</value>
        <value name="Zyx" output="Ey" input="Hx">-2.804410e-1 -1.724216e-1</value>
        <value name="Zyy" output="Ey" input="Hy">1.415806e-1 4.289620e-2</value>
      </Z>
      <Z.VAR type="real" size="2  2">
        <value name="Zxx" output="Ex" input="Hx">3.660068e-5</value>
        <value name="Zxy" output="Ex" input="Hy">4.579728e-5</value>
        <value name="Zyx" output="Ey" input="Hx">4.719608e-5</value>
        <value name="Zyy" output="Ey" input="Hy">5.905497e-5</value>
      </Z.VAR>
      <Z.INVSIGCOV type="complex" size="2  2">
        <value output="Hx" input="Hx">6.085458e-7 1.376097e-16</value>
        <value output="Hx" input="Hy">-4.441844e-8 -1.125000e-7</value>
        <value output="Hy" input="Hx">-4.441844e-8 1.125000e-7</value>
        <value output="Hy" input="Hy">7.614542e-7 -2.800910e-15</value>
      </Z.INVSIGCOV>
      <Z.RESIDCOV type="complex" size="2  2">
        <value output="Ex" input="Ex">1.202890e2 0.000000e0</value>
        <value output="Ex" input="Ey">9.685269e1 4.597000e-2</value>
        <value output="Ey" input="Ex">9.685269e1 -4.597000e-2</value>
        <value output="Ey" input="Ey">1.551110e2 0.000000e0</value>
      </Z.RESIDCOV>
      <T type="complex" size="1  2" units="[]">
        <value name="Tx" output="Hz" input="Hx">7.882714e-2 8.276811e-3</value>
        <value name="Ty" output="Hz" input="Hy">4.061847e-1 2.872125e-2</value>
      </T>
      <T.VAR type="real" size="1  2">
        <value name="Tx" output="Hz" input="Hx">4.980947e-4</value>
        <value name="Ty" output="Hz" input="Hy">6.232503e-4</value>
      </T.VAR>
      <T.INVSIGCOV type="complex" size="1  2">
        <value output="Hx" input="Hx">6.085458e-7 1.376097e-16</value>
        <value output="Hx" input="Hy">-4.441844e-8 -1.125000e-7</value>
        <value output="Hy" input="Hx">-4.441844e-8 1.125000e-7</value>
        <value output="Hy" input="Hy">7.614542e-7 -2.800910e-15</value>
      </T.INVSIGCOV>
      <T.RESIDCOV type="complex" size="1  2">
        <value output="Hz" input="Hz">1.637000e3 0.000000e0</value>
      </T.RESIDCOV>
    </Period>
    <Period value="11915.63672" units="secs">
      <Z type="complex" size="2  2" units="[mV/km]/[nT]">
        <value name="Zxx" output="Ex" input="Hx">-1.471055e-1 -1.029554e-1</value>
        <value name="Zxy" output="Ex" input="Hy">9.101837e-2 8.976887e-2</value>
        <value name="Zyx" output="Ey" input="Hx">-2.087816e-1 -1.414411e-1</value>
        <value name="Zyy" output="Ey" input="Hy">1.176055e-1 4.885541e-2</value>
      </Z>
      <Z.VAR type="real" size="2  2">
        <value name="Zxx" output="Ex" input="Hx">5.700770e-5</value>
        <value name="Zxy" output="Ex" input="Hy">8.913512e-5</value>
        <value name="Zyx" output="Ey" input="Hx">8.416246e-5</value>
        <value name="Zyy" output="Ey" input="Hy">1.315933e-4</value>
      </Z.VAR>
      <Z.INVSIGCOV type="complex" size="2  2">
        <value output="Hx" input="Hx">2.327620e-7 6.527768e-16</value>
        <value output="Hx" input="Hy">4.593520e-8 1.632000e-8</value>
        <value output="Hy" input="Hx">4.593520e-8 -1.632000e-8</value>
        <value output="Hy" input="Hy">3.639380e-7 1.677123e-15</value>
      </Z.INVSIGCOV>
      <Z.RESIDCOV type="complex" size="2  2">
        <value output="Ex" input="Ex">4.898368e2 0.000000e0</value>
        <value output="Ex" input="Ey">4.490856e2 4.239000e1</value>
        <value output="Ey" input="Ex">4.490856e2 -4.239000e1</value>
        <value output="Ey" input="Ey">7.231632e2 -1.776357e-15</value>
      </Z.RESIDCOV>
      <T type="complex" size="1  2" units="[]">
        <value name="Tx" output="Hz" input="Hx">8.804526e-2 -1.173284e-1</value>
        <value name="Ty" output="Hz" input="Hy">5.507735e-1 1.364413e-1</value>
      </T>
      <T.VAR type="real" size="1  2">
        <value name="Tx" output="Hz" input="Hx">2.260119e-3</value>
        <value name="Ty" output="Hz" input="Hy">3.533838e-3</value>
      </T.VAR>
      <T.INVSIGCOV type="complex" size="1  2">
        <value output="Hx" input="Hx">2.327620e-7 6.527768e-16</value>
        <value output="Hx" input="Hy">4.593520e-8 1.632000e-8</value>
        <value output="Hy" input="Hx">4.593520e-8 -1.632000e-8</value>
        <value output="Hy" input="Hy">3.639380e-7 1.677123e-15</value>
      </T.INVSIGCOV>
      <T.RESIDCOV type="complex" size="1  2">
        <value output="Hz" input="Hz">1.942000e4 0.000000e0</value>
      </T.RESIDCOV>
    </Period>
    <Period value="18724.57227" units="secs">
      <Z type="complex" size="2  2" units="[mV/km]/[nT]">
        <value name="Zxx" output="Ex" input="Hx">-9.525127e-2 -1.087327e-1</value>
        <value name="Zxy" output="Ex" input="Hy">5.679143e-2 7.533282e-2</value>
        <value name="Zyx" output="Ey" input="Hx">-1.711086e-1 -1.740672e-1</value>
        <value name="Zyy" output="Ey" input="Hy">7.725127e-2 5.724271e-2</value>
      </Z>
      <Z.VAR type="real" size="2  2">
        <value name="Zxx" output="Ex" input="Hx">7.047280e-5</value>
        <value name="Zxy" output="Ex" input="Hy">9.752777e-5</value>
        <value name="Zyx" output="Ey" input="Hx">4.960074e-5</value>
        <value name="Zyy" output="Ey" input="Hy">6.864278e-5</value>
      </Z.VAR>
      <Z.INVSIGCOV type="complex" size="2  2">
        <value output="Hx" input="Hx">1.282768e-7 -1.262268e-16</value>
        <value output="Hx" input="Hy">7.710256e-9 3.610000e-8</value>
        <value output="Hy" input="Hx">7.710256e-9 -3.610000e-8</value>
        <value output="Hy" input="Hy">1.775232e-7 -9.973189e-18</value>
      </Z.INVSIGCOV>
      <Z.RESIDCOV type="complex" size="2  2">
        <value output="Ex" input="Ex">1.098761e3 0.000000e0</value>
        <value output="Ex" input="Ey">2.841940e2 -5.291000e-1</value>
        <value output="Ey" input="Ex">2.841940e2 5.291000e-1</value>
        <value output="Ey" input="Ey">7.733389e2 0.000000e0</value>
      </Z.RESIDCOV>
      <T type="complex" size="1  2" units="[]">
        <value name="Tx" output="Hz" input="Hx">8.882405e-2 -1.604514e-1</value>
        <value name="Ty" output="Hz" input="Hy">4.086831e-1 1.894498e-1</value>
      </T>
      <T.VAR type="real" size="1  2">
        <value name="Tx" output="Hz" input="Hx">3.020278e-3</value>
        <value name="Ty" output="Hz" input="Hy">4.179783e-3</value>
      </T.VAR>
      <T.INVSIGCOV type="complex" size="1  2">
        <value output="Hx" input="Hx">1.282768e-7 -1.262268e-16</value>
        <value output="Hx" input="Hy">7.710256e-9 3.610000e-8</value>
        <value output="Hy" input="Hx">7.710256e-9 -3.610000e-8</value>
        <value output="Hy" input="Hy">1.775232e-7 -9.973189e-18</value>
      </T.INVSIGCOV>
      <T.RESIDCOV type="complex" size="1  2">
        <value output="Hz" input="Hz">4.709000e4 0.000000e0</value>
      </T.RESIDCOV>
    </Period>
  </Data>
  <PeriodRange min="7.31429" max="18724.57227"/>
</EM_TF>
